leg,time,lat,lng,tickLead,tickRace,distance
0,2015-01-02T02:59:14Z,-33.35588300,147.93453000,842.0,842.0,163.61
0,2015-01-02T03:13:58Z,-33.35570000,147.93451600,1726.0,1726.0,163.625
0,2015-01-02T03:14:28Z,-33.35570000,147.93451600,1756.0,1756.0,163.625
0,2015-01-02T03:14:59Z,-33.35570000,147.93451600,1787.0,1787.0,163.625
0,2015-01-02T03:15:29Z,-33.35570000,147.93451600,1817.0,1817.0,163.625
0,2015-01-02T03:15:59Z,-33.35570000,147.93451600,1847.0,1847.0,163.625
0,2015-01-02T03:16:29Z,-33.35570000,147.93451600,1877.0,1877.0,163.625
0,2015-01-02T03:16:59Z,-33.35570000,147.93451600,1907.0,1907.0,163.625
0,2015-01-02T03:17:29Z,-33.35570000,147.93451600,1937.0,1937.0,163.625
0,2015-01-02T03:17:59Z,-33.35570000,147.93451600,1967.0,1967.0,163.625
0,2015-01-02T03:18:29Z,-33.35570000,147.93451600,1997.0,1997.0,163.625
0,2015-01-02T03:18:58Z,-33.35486000,147.93446000,2026.0,2026.0,163.693
0,2015-01-02T03:18:59Z,-33.35478300,147.93443000,2027.0,2027.0,163.698
0,2015-01-02T03:19:04Z,-33.35423000,147.93440000,2032.0,2032.0,163.743
0,2015-01-02T03:19:09Z,-33.35371600,147.93441600,2037.0,2037.0,163.788
0,2015-01-02T03:19:14Z,-33.35318300,147.93428300,2042.0,2042.0,163.825
0,2015-01-02T03:19:19Z,-33.35260000,147.93413000,2047.0,2047.0,163.86
0,2015-01-02T03:19:24Z,-33.35226000,147.93400000,2052.0,2052.0,163.887
0,2015-01-02T03:19:29Z,-33.35191600,147.93381600,2057.0,2057.0,163.906
0,2015-01-02T03:19:34Z,-33.35156000,147.93353000,2062.0,2062.0,163.919
0,2015-01-02T03:19:39Z,-33.35125000,147.93315000,2067.0,2067.0,163.923
0,2015-01-02T03:19:44Z,-33.35101600,147.93253000,2072.0,2072.0,163.907
0,2015-01-02T03:19:49Z,-33.35105000,147.93161600,2077.0,2077.0,163.85
0,2015-01-02T03:19:54Z,-33.35138300,147.93060000,2082.0,2082.0,163.765
0,2015-01-02T03:19:59Z,-33.35208300,147.92980000,2087.0,2087.0,163.654
0,2015-01-02T03:20:04Z,-33.35310000,147.92925000,2092.0,2092.0,163.534
0,2015-01-02T03:20:09Z,-33.35421600,147.92898300,2097.0,2097.0,163.422
0,2015-01-02T03:20:14Z,-33.35536000,147.92890000,2102.0,2102.0,163.319
0,2015-01-02T03:20:19Z,-33.35645000,147.92876000,2107.0,2107.0,163.218
0,2015-01-02T03:20:24Z,-33.35748300,147.92850000,2112.0,2112.0,163.114
0,2015-01-02T03:20:29Z,-33.35858300,147.92831600,2117.0,2117.0,163.009
1,2015-01-02T03:20:34Z,-33.35976000,147.92836000,2122.0,2122.0,162.911
1,2015-01-02T03:20:39Z,-33.36076000,147.92886000,2127.0,2127.0,162.856
1,2015-01-02T03:20:44Z,-33.36146000,147.92965000,2132.0,2132.0,162.843
1,2015-01-02T03:20:49Z,-33.36175000,147.93048300,2137.0,2137.0,162.869
1,2015-01-02T03:20:54Z,-33.36165000,147.93118300,2142.0,2142.0,162.919
1,2015-01-02T03:20:59Z,-33.36131600,147.93145000,2147.0,2147.0,162.964
1,2015-01-02T03:21:04Z,-33.36091600,147.93160000,2152.0,2152.0,163.011
1,2015-01-02T03:21:09Z,-33.36058300,147.93191600,2157.0,2157.0,163.054
1,2015-01-02T03:21:14Z,-33.36023000,147.93178300,2162.0,2162.0,163.076
1,2015-01-02T03:21:19Z,-33.35990000,147.93146000,2167.0,2167.0,163.085
1,2015-01-02T03:21:24Z,-33.35980000,147.93060000,2172.0,2172.0,163.046
1,2015-01-02T03:21:29Z,-33.36003000,147.92971600,2177.0,2177.0,162.969
1,2015-01-02T03:21:34Z,-33.36073000,147.92886000,2182.0,2182.0,162.859
1,2015-01-02T03:21:39Z,-33.36178300,147.92836000,2187.0,2187.0,162.739
1,2015-01-02T03:21:44Z,-33.36298300,147.92823000,2192.0,2192.0,162.629
1,2015-01-02T03:21:49Z,-33.36443000,147.92840000,2197.0,2197.0,162.516
1,2015-01-02T03:21:54Z,-33.36558300,147.92826000,2202.0,2202.0,162.411
1,2015-01-02T03:21:59Z,-33.36665000,147.92796000,2207.0,2207.0,162.302
1,2015-01-02T03:22:04Z,-33.36776000,147.92785000,2212.0,2212.0,162.201
1,2015-01-02T03:22:09Z,-33.36890000,147.92780000,2217.0,2217.0,162.102
1,2015-01-02T03:22:14Z,-33.37005000,147.92758300,2222.0,2222.0,161.992
1,2015-01-02T03:22:19Z,-33.37113000,147.92713000,2227.0,2227.0,161.873
1,2015-01-02T03:22:24Z,-33.37218300,147.92658300,2232.0,2232.0,161.751
1,2015-01-02T03:22:29Z,-33.37330000,147.92608300,2237.0,2237.0,161.627
1,2015-01-02T03:22:34Z,-33.37451600,147.92568300,2242.0,2242.0,161.5
1,2015-01-02T03:22:39Z,-33.37570000,147.92531600,2247.0,2247.0,161.378
1,2015-01-02T03:22:44Z,-33.37681600,147.92486000,2252.0,2252.0,161.257
1,2015-01-02T03:22:49Z,-33.37786000,147.92428300,2257.0,2257.0,161.133
1,2015-01-02T03:22:54Z,-33.37881600,147.92365000,2262.0,2262.0,161.015
1,2015-01-02T03:22:59Z,-33.37968300,147.92286000,2267.0,2267.0,160.894
1,2015-01-02T03:23:04Z,-33.38063000,147.92215000,2272.0,2272.0,160.771
1,2015-01-02T03:23:09Z,-33.38160000,147.92156000,2277.0,2277.0,160.649
1,2015-01-02T03:23:14Z,-33.38280000,147.92130000,2282.0,2282.0,160.54
1,2015-01-02T03:23:19Z,-33.38393000,147.92150000,2287.0,2287.0,160.455
1,2015-01-02T03:23:24Z,-33.38480000,147.92225000,2292.0,2292.0,160.428
1,2015-01-02T03:23:29Z,-33.38513000,147.92325000,2297.0,2297.0,160.462
1,2015-01-02T03:23:34Z,-33.38496000,147.92385000,2302.0,2302.0,160.513
1,2015-01-02T03:23:39Z,-33.38478300,147.92360000,2307.0,2307.0,160.513
1,2015-01-02T03:23:44Z,-33.38513000,147.92281600,2312.0,2312.0,160.435
1,2015-01-02T03:23:49Z,-33.38603000,147.92246000,2317.0,2317.0,160.339
1,2015-01-02T03:23:54Z,-33.38665000,147.92296000,2322.0,2322.0,160.318
1,2015-01-02T03:23:59Z,-33.38653000,147.92335000,2327.0,2327.0,160.352
1,2015-01-02T03:24:04Z,-33.38655000,147.92285000,2332.0,2332.0,160.319
1,2015-01-02T03:24:10Z,-33.38738300,147.92231600,2338.0,2338.0,160.217
1,2015-01-02T03:24:15Z,-33.38816000,147.92268300,2343.0,2343.0,160.175
1,2015-01-02T03:24:20Z,-33.38835000,147.92330000,2348.0,2348.0,160.198
1,2015-01-02T03:24:25Z,-33.38830000,147.92293000,2353.0,2353.0,160.176
1,2015-01-02T03:24:30Z,-33.38918300,147.92245000,2358.0,2358.0,160.076
1,2015-01-02T03:24:35Z,-33.39006000,147.92276000,2363.0,2363.0,160.022
1,2015-01-02T03:24:40Z,-33.39051600,147.92350000,2368.0,2368.0,160.03
1,2015-01-02T03:24:45Z,-33.39040000,147.92408300,2373.0,2373.0,160.076
1,2015-01-02T03:24:50Z,-33.39020000,147.92388300,2378.0,2378.0,160.08
1,2015-01-02T03:24:55Z,-33.39076000,147.92326000,2383.0,2383.0,159.995
1,2015-01-02T03:25:00Z,-33.39158300,147.92360000,2388.0,2388.0,159.952
1,2015-01-02T03:25:05Z,-33.39155000,147.92423000,2393.0,2393.0,159.99
1,2015-01-02T03:25:10Z,-33.39141600,147.92393000,2398.0,2398.0,159.983
1,2015-01-02T03:25:15Z,-33.39200000,147.92346000,2403.0,2403.0,159.905
1,2015-01-02T03:25:20Z,-33.39281600,147.92390000,2408.0,2408.0,159.865
1,2015-01-02T03:25:25Z,-33.39290000,147.92465000,2413.0,2413.0,159.905
1,2015-01-02T03:25:30Z,-33.39258300,147.92473000,2418.0,2418.0,159.936
1,2015-01-02T03:25:35Z,-33.39276000,147.92416000,2423.0,2423.0,159.886
1,2015-01-02T03:25:40Z,-33.39358300,147.92400000,2428.0,2428.0,159.808
1,2015-01-02T03:25:45Z,-33.39418300,147.92458300,2433.0,2433.0,159.795
1,2015-01-02T03:25:50Z,-33.39425000,147.92525000,2438.0,2438.0,159.831
1,2015-01-02T03:25:55Z,-33.39393000,147.92526000,2443.0,2443.0,159.858
1,2015-01-02T03:26:00Z,-33.39420000,147.92473000,2448.0,2448.0,159.803
1,2015-01-02T03:26:05Z,-33.39481600,147.92513000,2453.0,2453.0,159.777
1,2015-01-02T03:26:10Z,-33.39486000,147.92580000,2458.0,2458.0,159.815
1,2015-01-02T03:26:15Z,-33.39456000,147.92598300,2463.0,2463.0,159.851
1,2015-01-02T03:26:20Z,-33.39441600,147.92556000,2468.0,2468.0,159.837
1,2015-01-02T03:26:25Z,-33.39500000,147.92523000,2473.0,2473.0,159.768
1,2015-01-02T03:26:30Z,-33.39518300,147.92581600,2478.0,2478.0,159.79
1,2015-01-02T03:26:35Z,-33.39491600,147.92556000,2483.0,2483.0,159.796
1,2015-01-02T03:26:40Z,-33.39531600,147.92490000,2488.0,2488.0,159.721
1,2015-01-02T03:26:45Z,-33.39606000,147.92460000,2493.0,2493.0,159.641
1,2015-01-02T03:26:50Z,-33.39671600,147.92490000,2498.0,2498.0,159.607
1,2015-01-02T03:26:55Z,-33.39673000,147.92551600,2503.0,2503.0,159.644
1,2015-01-02T03:27:00Z,-33.39640000,147.92540000,2508.0,2508.0,159.664
1,2015-01-02T03:27:05Z,-33.39656000,147.92460000,2513.0,2513.0,159.604
1,2015-01-02T03:27:10Z,-33.39718300,147.92411600,2518.0,2518.0,159.519
1,2015-01-02T03:27:15Z,-33.39796000,147.92388300,2523.0,2523.0,159.44
1,2015-01-02T03:27:20Z,-33.39845000,147.92441600,2528.0,2528.0,159.434
1,2015-01-02T03:27:25Z,-33.39821600,147.92476000,2533.0,2533.0,159.475
1,2015-01-02T03:27:30Z,-33.39810000,147.92413000,2538.0,2538.0,159.445
1,2015-01-02T03:27:35Z,-33.39873000,147.92351600,2543.0,2543.0,159.354
1,2015-01-02T03:27:40Z,-33.39941600,147.92378300,2548.0,2548.0,159.315
1,2015-01-02T03:27:45Z,-33.39941600,147.92423000,2553.0,2553.0,159.344
1,2015-01-02T03:27:50Z,-33.39910000,147.92411600,2558.0,2558.0,159.362
1,2015-01-02T03:27:55Z,-33.39911600,147.92341600,2563.0,2563.0,159.317
1,2015-01-02T03:28:00Z,-33.39963000,147.92271600,2568.0,2568.0,159.23
1,2015-01-02T03:28:05Z,-33.40038300,147.92235000,2573.0,2573.0,159.146
1,2015-01-02T03:28:10Z,-33.40113000,147.92271600,2578.0,2578.0,159.108
1,2015-01-02T03:28:15Z,-33.40140000,147.92300000,2583.0,2583.0,159.125
1,2015-01-02T03:28:20Z,-33.40120000,147.92360000,2588.0,2588.0,159.162
1,2015-01-02T03:28:25Z,-33.40118300,147.92300000,2593.0,2593.0,159.121
1,2015-01-02T03:28:30Z,-33.40200000,147.92268300,2598.0,2598.0,159.035
1,2015-01-02T03:28:35Z,-33.40286000,147.92275000,2603.0,2603.0,158.968
1,2015-01-02T03:28:40Z,-33.40300000,147.92343000,2608.0,2608.0,158.973
1,2015-01-02T03:28:45Z,-33.40308300,147.92385000,2613.0,2613.0,159.02
1,2015-01-02T03:28:50Z,-33.40301600,147.92325000,2618.0,2618.0,158.988
1,2015-01-02T03:28:55Z,-33.40371600,147.92275000,2623.0,2623.0,158.899
1,2015-01-02T03:29:00Z,-33.40441600,147.92320000,2628.0,2628.0,158.87
1,2015-01-02T03:29:05Z,-33.40431600,147.92380000,2633.0,2633.0,158.917
1,2015-01-02T03:29:10Z,-33.40401600,147.92365000,2638.0,2638.0,158.931
1,2015-01-02T03:29:15Z,-33.40420000,147.92296000,2643.0,2643.0,158.873
1,2015-01-02T03:29:20Z,-33.40503000,147.92283000,2648.0,2648.0,158.797
1,2015-01-02T03:29:25Z,-33.40546000,147.92350000,2653.0,2653.0,158.804
1,2015-01-02T03:29:30Z,-33.40516000,147.92353000,2658.0,2658.0,158.831
1,2015-01-02T03:29:35Z,-33.40558300,147.92290000,2663.0,2663.0,158.757
1,2015-01-02T03:29:40Z,-33.40631600,147.92331600,2668.0,2668.0,158.723
1,2015-01-02T03:29:45Z,-33.40625000,147.92391600,2673.0,2673.0,158.767
1,2015-01-02T03:29:50Z,-33.40590000,147.92393000,2678.0,2678.0,158.796
1,2015-01-02T03:29:55Z,-33.40585000,147.92326000,2683.0,2683.0,158.758
1,2015-01-02T03:30:00Z,-33.40623000,147.92250000,2688.0,2688.0,158.678
1,2015-01-02T03:30:05Z,-33.40688300,147.92198300,2693.0,2693.0,158.593
1,2015-01-02T03:30:10Z,-33.40760000,147.92158300,2698.0,2698.0,158.504
1,2015-01-02T03:30:15Z,-33.40770000,147.92105000,2703.0,2703.0,158.467
1,2015-01-02T03:30:20Z,-33.40768300,147.92160000,2708.0,2708.0,158.508
1,2015-01-02T03:30:25Z,-33.40826000,147.92141600,2713.0,2713.0,158.445
1,2015-01-02T03:30:30Z,-33.40790000,147.92135000,2718.0,2718.0,158.47
1,2015-01-02T03:30:35Z,-33.40846000,147.92188300,2723.0,2723.0,158.458
1,2015-01-02T03:30:40Z,-33.40903000,147.92140000,2728.0,2728.0,158.381
1,2015-01-02T03:30:45Z,-33.40871600,147.92130000,2733.0,2733.0,158.403
1,2015-01-02T03:30:50Z,-33.40908300,147.92198300,2738.0,2738.0,158.414
1,2015-01-02T03:30:55Z,-33.40980000,147.92160000,2743.0,2743.0,158.332
1,2015-01-02T03:31:00Z,-33.40970000,147.92111600,2748.0,2748.0,158.309
1,2015-01-02T03:31:05Z,-33.40963000,147.92173000,2753.0,2753.0,158.354
1,2015-01-02T03:31:10Z,-33.41051600,147.92155000,2758.0,2758.0,158.271
1,2015-01-02T03:31:15Z,-33.41031600,147.92118300,2763.0,2763.0,158.264
1,2015-01-02T03:31:20Z,-33.41046000,147.92188300,2768.0,2768.0,158.296
1,2015-01-02T03:31:25Z,-33.41130000,147.92213000,2773.0,2773.0,158.245
1,2015-01-02T03:31:30Z,-33.41210000,147.92176000,2778.0,2778.0,158.157
1,2015-01-02T03:31:35Z,-33.41235000,147.92108300,2783.0,2783.0,158.093
1,2015-01-02T03:31:40Z,-33.41200000,147.92106000,2788.0,2788.0,158.12
1,2015-01-02T03:31:45Z,-33.41213000,147.92188300,2793.0,2793.0,158.162
1,2015-01-02T03:31:50Z,-33.41283000,147.92171600,2798.0,2798.0,158.095
1,2015-01-02T03:31:55Z,-33.41273000,147.92120000,2803.0,2803.0,158.07
1,2015-01-02T03:32:00Z,-33.41256000,147.92181600,2808.0,2808.0,158.122
1,2015-01-02T03:32:05Z,-33.41326000,147.92206000,2813.0,2813.0,158.082
1,2015-01-02T03:32:10Z,-33.41401600,147.92141600,2818.0,2818.0,157.98
1,2015-01-02T03:32:15Z,-33.41458300,147.92075000,2823.0,2823.0,157.892
1,2015-01-02T03:32:20Z,-33.41503000,147.91998300,2828.0,2828.0,157.806
1,2015-01-02T03:32:25Z,-33.41553000,147.91925000,2833.0,2833.0,157.719
1,2015-01-02T03:32:30Z,-33.41575000,147.91848300,2838.0,2838.0,157.653
1,2015-01-02T03:32:35Z,-33.41550000,147.91830000,2843.0,2843.0,157.661
1,2015-01-02T03:32:40Z,-33.41563000,147.91893000,2848.0,2848.0,157.691
1,2015-01-02T03:32:45Z,-33.41651600,147.91905000,2853.0,2853.0,157.627
1,2015-01-02T03:32:50Z,-33.41711600,147.91841600,2858.0,2858.0,157.538
1,2015-01-02T03:32:55Z,-33.41748300,147.91761600,2863.0,2863.0,157.458
1,2015-01-02T03:33:00Z,-33.41785000,147.91681600,2868.0,2868.0,157.377
1,2015-01-02T03:33:05Z,-33.41785000,147.91620000,2873.0,2873.0,157.337
1,2015-01-02T03:33:10Z,-33.41761600,147.91643000,2878.0,2878.0,157.371
1,2015-01-02T03:33:15Z,-33.41815000,147.91693000,2883.0,2883.0,157.36
1,2015-01-02T03:33:20Z,-33.41880000,147.91643000,2888.0,2888.0,157.276
1,2015-01-02T03:33:25Z,-33.41871600,147.91588300,2893.0,2893.0,157.247
1,2015-01-02T03:33:30Z,-33.41845000,147.91586000,2898.0,2898.0,157.268
1,2015-01-02T03:33:35Z,-33.41868300,147.91653000,2903.0,2903.0,157.292
1,2015-01-02T03:33:40Z,-33.41958300,147.91656000,2908.0,2908.0,157.222
1,2015-01-02T03:33:45Z,-33.42015000,147.91600000,2913.0,2913.0,157.14
1,2015-01-02T03:33:50Z,-33.41996000,147.91568300,2918.0,2918.0,157.134
1,2015-01-02T03:33:56Z,-33.42001600,147.91630000,2924.0,2924.0,157.172
1,2015-01-02T03:34:01Z,-33.42085000,147.91671600,2929.0,2929.0,157.13
1,2015-01-02T03:34:06Z,-33.42171600,147.91640000,2934.0,2934.0,157.04
1,2015-01-02T03:34:11Z,-33.42180000,147.91580000,2939.0,2939.0,156.994
1,2015-01-02T03:34:16Z,-33.42163000,147.91625000,2944.0,2944.0,157.037
1,2015-01-02T03:34:21Z,-33.42245000,147.91655000,2949.0,2949.0,156.991
1,2015-01-02T03:34:26Z,-33.42290000,147.91591600,2954.0,2954.0,156.914
1,2015-01-02T03:34:31Z,-33.42281600,147.91536000,2959.0,2959.0,156.885
1,2015-01-02T03:34:36Z,-33.42251600,147.91538300,2964.0,2964.0,156.91
1,2015-01-02T03:34:41Z,-33.42263000,147.91603000,2969.0,2969.0,156.943
1,2015-01-02T03:34:46Z,-33.42346000,147.91615000,2974.0,2974.0,156.884
1,2015-01-02T03:34:51Z,-33.42390000,147.91545000,2979.0,2979.0,156.804
1,2015-01-02T03:34:56Z,-33.42365000,147.91520000,2984.0,2984.0,156.808
1,2015-01-02T03:35:01Z,-33.42373000,147.91591600,2989.0,2989.0,156.847
1,2015-01-02T03:35:06Z,-33.42465000,147.91586000,2994.0,2994.0,156.771
1,2015-01-02T03:35:11Z,-33.42535000,147.91521600,2999.0,2999.0,156.673
1,2015-01-02T03:35:16Z,-33.42616000,147.91465000,3004.0,3004.0,156.571
1,2015-01-02T03:35:21Z,-33.42710000,147.91430000,3009.0,3009.0,156.476
1,2015-01-02T03:35:26Z,-33.42781600,147.91373000,3014.0,3014.0,156.38
1,2015-01-02T03:35:31Z,-33.42768300,147.91328300,3019.0,3019.0,156.362
1,2015-01-02T03:35:36Z,-33.42770000,147.91390000,3024.0,3024.0,156.4
1,2015-01-02T03:35:41Z,-33.42851600,147.91360000,3029.0,3029.0,156.316
1,2015-01-02T03:35:46Z,-33.42846000,147.91318300,3034.0,3034.0,156.293
1,2015-01-02T03:35:51Z,-33.42853000,147.91373000,3039.0,3039.0,156.323
1,2015-01-02T03:35:56Z,-33.42940000,147.91358300,3044.0,3044.0,156.245
1,2015-01-02T03:36:01Z,-33.42953000,147.91295000,3049.0,3049.0,156.193
1,2015-01-02T03:36:06Z,-33.42930000,147.91318300,3054.0,3054.0,156.227
1,2015-01-02T03:36:11Z,-33.42988300,147.91375000,3059.0,3059.0,156.217
1,2015-01-02T03:36:16Z,-33.43053000,147.91326000,3064.0,3064.0,156.134
1,2015-01-02T03:36:21Z,-33.43031600,147.91296000,3069.0,3069.0,156.132
1,2015-01-02T03:36:26Z,-33.43026000,147.91360000,3074.0,3074.0,156.177
1,2015-01-02T03:36:31Z,-33.43120000,147.91373000,3079.0,3079.0,156.112
1,2015-01-02T03:36:36Z,-33.43185000,147.91316000,3084.0,3084.0,156.023
1,2015-01-02T03:36:41Z,-33.43180000,147.91256000,3089.0,3089.0,155.988
1,2015-01-02T03:36:46Z,-33.43140000,147.91300000,3094.0,3094.0,156.048
1,2015-01-02T03:36:51Z,-33.43203000,147.91351600,3099.0,3099.0,156.031
1,2015-01-02T03:36:56Z,-33.43300000,147.91320000,3104.0,3104.0,155.934
1,2015-01-02T03:37:01Z,-33.43370000,147.91260000,3109.0,3109.0,155.844
1,2015-01-02T03:37:06Z,-33.43383000,147.91185000,3114.0,3114.0,155.78
1,2015-01-02T03:37:11Z,-33.43340000,147.91153000,3119.0,3119.0,155.794
1,2015-01-02T03:37:16Z,-33.43315000,147.91205000,3124.0,3124.0,155.847
1,2015-01-02T03:37:21Z,-33.43343000,147.91278300,3129.0,3129.0,155.873
1,2015-01-02T03:37:26Z,-33.43428300,147.91283000,3134.0,3134.0,155.809
1,2015-01-02T03:37:31Z,-33.43460000,147.91216000,3139.0,3139.0,155.735
1,2015-01-02T03:37:36Z,-33.43425000,147.91196000,3144.0,3144.0,155.755
1,2015-01-02T03:37:41Z,-33.43410000,147.91263000,3149.0,3149.0,155.81
1,2015-01-02T03:37:46Z,-33.43481600,147.91310000,3154.0,3154.0,155.784
1,2015-01-02T03:37:51Z,-33.43558300,147.91271600,3159.0,3159.0,155.699
1,2015-01-02T03:37:56Z,-33.43543000,147.91220000,3164.0,3164.0,155.677
1,2015-01-02T03:38:01Z,-33.43513000,147.91268300,3169.0,3169.0,155.732
1,2015-01-02T03:38:06Z,-33.43560000,147.91300000,3174.0,3174.0,155.733
1,2015-01-02T03:38:11Z,-33.43653000,147.91325000,3179.0,3179.0,155.659
1,2015-01-02T03:38:16Z,-33.43673000,147.91260000,3184.0,3184.0,155.601
1,2015-01-02T03:38:21Z,-33.43631600,147.91243000,3189.0,3189.0,155.622
1,2015-01-02T03:38:26Z,-33.43636000,147.91313000,3194.0,3194.0,155.664
1,2015-01-02T03:38:31Z,-33.43728300,147.91300000,3199.0,3199.0,155.606
1,2015-01-02T03:38:36Z,-33.43820000,147.91303000,3204.0,3204.0,155.514
1,2015-01-02T03:38:41Z,-33.43905000,147.91255000,3209.0,3209.0,155.415
1,2015-01-02T03:38:46Z,-33.44005000,147.91206000,3214.0,3214.0,155.305
1,2015-01-02T03:38:51Z,-33.44086000,147.91138300,3219.0,3219.0,155.196
1,2015-01-02T03:38:56Z,-33.44170000,147.91073000,3224.0,3224.0,155.088
1,2015-01-02T03:39:01Z,-33.44246000,147.91005000,3229.0,3229.0,154.983
1,2015-01-02T03:39:06Z,-33.44300000,147.90951600,3234.0,3234.0,154.88
1,2015-01-02T03:39:11Z,-33.44423000,147.90905000,3239.0,3239.0,154.779
1,2015-01-02T03:39:16Z,-33.44516000,147.90838300,3244.0,3244.0,154.662
1,2015-01-02T03:39:21Z,-33.44601600,147.90776000,3249.0,3249.0,154.555
1,2015-01-02T03:39:26Z,-33.44696000,147.90726000,3254.0,3254.0,154.448
2,2015-01-02T03:39:31Z,-33.44798300,147.90600000,3259.0,3259.0,154.329
2,2015-01-02T03:39:36Z,-33.44893000,147.90598300,3264.0,3264.0,154.21
2,2015-01-02T03:39:41Z,-33.44990000,147.90535000,3269.0,3269.0,154.093
2,2015-01-02T03:39:46Z,-33.45070000,147.90473000,3274.0,3274.0,153.99
2,2015-01-02T03:39:51Z,-33.45160000,147.90420000,3279.0,3279.0,153.879
2,2015-01-02T03:39:56Z,-33.45265000,147.90363000,3284.0,3284.0,153.765
2,2015-01-02T03:40:01Z,-33.45378300,147.90293000,3289.0,3289.0,153.631
2,2015-01-02T03:40:06Z,-33.45473000,147.90250000,3294.0,3294.0,153.528
2,2015-01-02T03:40:11Z,-33.45560000,147.90203000,3299.0,3299.0,153.43
2,2015-01-02T03:40:16Z,-33.45653000,147.90145000,3304.0,3304.0,153.319
2,2015-01-02T03:40:21Z,-33.45750000,147.90100000,3309.0,3309.0,153.214
2,2015-01-02T03:40:26Z,-33.45841600,147.90050000,3314.0,3314.0,153.11
2,2015-01-02T03:40:31Z,-33.45931600,147.89991600,3319.0,3319.0,153.002
2,2015-01-02T03:40:36Z,-33.46018300,147.89943000,3324.0,3324.0,152.903
2,2015-01-02T03:40:41Z,-33.46101600,147.89918300,3329.0,3329.0,152.822
2,2015-01-02T03:40:46Z,-33.46181600,147.89880000,3334.0,3334.0,152.735
2,2015-01-02T03:40:51Z,-33.46253000,147.89815000,3339.0,3339.0,152.636
2,2015-01-02T03:40:56Z,-33.46328300,147.89760000,3344.0,3344.0,152.542
2,2015-01-02T03:41:01Z,-33.46391600,147.89706000,3349.0,3349.0,152.457
2,2015-01-02T03:41:06Z,-33.46448300,147.89658300,3354.0,3354.0,152.381
2,2015-01-02T03:41:11Z,-33.46515000,147.89591600,3359.0,3359.0,152.285
2,2015-01-02T03:41:16Z,-33.46578300,147.89520000,3364.0,3364.0,152.189
2,2015-01-02T03:41:21Z,-33.46646000,147.89460000,3369.0,3369.0,152.096
2,2015-01-02T03:41:26Z,-33.46696000,147.89400000,3374.0,3374.0,152.017
2,2015-01-02T03:41:31Z,-33.46751600,147.89340000,3379.0,3379.0,151.935
2,2015-01-02T03:41:36Z,-33.46795000,147.89310000,3384.0,3384.0,151.881
2,2015-01-02T03:41:41Z,-33.46861600,147.89300000,3389.0,3389.0,151.824
2,2015-01-02T03:41:46Z,-33.46921600,147.89271600,3394.0,3394.0,151.759
2,2015-01-02T03:41:51Z,-33.46980000,147.89230000,3399.0,3399.0,151.688
2,2015-01-02T03:41:56Z,-33.47023000,147.89180000,3404.0,3404.0,151.619
2,2015-01-02T03:42:01Z,-33.47038300,147.89108300,3409.0,3409.0,151.559
2,2015-01-02T03:42:06Z,-33.47061600,147.89041600,3414.0,3414.0,151.497
2,2015-01-02T03:42:11Z,-33.47101600,147.88960000,3419.0,3419.0,151.416
2,2015-01-02T03:42:16Z,-33.47126000,147.88901600,3424.0,3424.0,151.353
2,2015-01-02T03:42:21Z,-33.47151600,147.88830000,3429.0,3429.0,151.288
2,2015-01-02T03:42:26Z,-33.47190000,147.88760000,3434.0,3434.0,151.213
2,2015-01-02T03:42:31Z,-33.47235000,147.88706000,3439.0,3439.0,151.139
2,2015-01-02T03:42:36Z,-33.47288300,147.88646000,3444.0,3444.0,151.057
2,2015-01-02T03:42:42Z,-33.47335000,147.88575000,3450.0,3450.0,150.974
2,2015-01-02T03:42:47Z,-33.47385000,147.88505000,3455.0,3455.0,150.888
2,2015-01-02T03:42:52Z,-33.47440000,147.88435000,3460.0,3460.0,150.799
2,2015-01-02T03:42:57Z,-33.47491600,147.88361600,3465.0,3465.0,150.71
2,2015-01-02T03:43:02Z,-33.47535000,147.88291600,3470.0,3470.0,150.63
2,2015-01-02T03:43:07Z,-33.47560000,147.88213000,3475.0,3475.0,150.553
2,2015-01-02T03:43:12Z,-33.47616000,147.88126000,3480.0,3480.0,150.456
2,2015-01-02T03:43:17Z,-33.47663000,147.88048300,3485.0,3485.0,150.368
2,2015-01-02T03:43:22Z,-33.47718300,147.87973000,3490.0,3490.0,150.276
2,2015-01-02T03:43:27Z,-33.47771600,147.87903000,3495.0,3495.0,150.188
2,2015-01-02T03:43:32Z,-33.47828300,147.87823000,3500.0,3500.0,150.09
2,2015-01-02T03:43:37Z,-33.47888300,147.87753000,3505.0,3505.0,149.997
2,2015-01-02T03:43:42Z,-33.47961600,147.87681600,3510.0,3510.0,149.893
2,2015-01-02T03:43:47Z,-33.48021600,147.87613000,3515.0,3515.0,149.801
2,2015-01-02T03:43:52Z,-33.48083000,147.87540000,3520.0,3520.0,149.705
2,2015-01-02T03:43:57Z,-33.48155000,147.87463000,3525.0,3525.0,149.598
2,2015-01-02T03:44:02Z,-33.48220000,147.87376000,3530.0,3530.0,149.49
2,2015-01-02T03:44:07Z,-33.48275000,147.87303000,3535.0,3535.0,149.399
2,2015-01-02T03:44:12Z,-33.48300000,147.87225000,3540.0,3540.0,149.301
2,2015-01-02T03:44:17Z,-33.48386000,147.87143000,3545.0,3545.0,149.206
2,2015-01-02T03:44:22Z,-33.48450000,147.87055000,3550.0,3550.0,149.098
2,2015-01-02T03:44:27Z,-33.48520000,147.86973000,3555.0,3555.0,148.989
2,2015-01-02T03:44:32Z,-33.48578300,147.86886000,3560.0,3560.0,148.886
2,2015-01-02T03:44:37Z,-33.48618300,147.86796000,3565.0,3565.0,148.795
2,2015-01-02T03:44:42Z,-33.48655000,147.86711600,3570.0,3570.0,148.71
2,2015-01-02T03:44:47Z,-33.48688300,147.86626000,3575.0,3575.0,148.628
2,2015-01-02T03:44:52Z,-33.48748300,147.86540000,3580.0,3580.0,148.523
2,2015-01-02T03:44:57Z,-33.48813000,147.86453000,3585.0,3585.0,148.415
2,2015-01-02T03:45:02Z,-33.48876000,147.86360000,3590.0,3590.0,148.304
2,2015-01-02T03:45:07Z,-33.48956000,147.86273000,3595.0,3595.0,148.184
2,2015-01-02T03:45:12Z,-33.49038300,147.86190000,3600.0,3600.0,148.066
2,2015-01-02T03:45:17Z,-33.49126000,147.86113000,3605.0,3605.0,147.947
2,2015-01-02T03:45:22Z,-33.49208300,147.86030000,3610.0,3610.0,147.828
2,2015-01-02T03:45:27Z,-33.49290000,147.85950000,3615.0,3615.0,147.712
2,2015-01-02T03:45:32Z,-33.49361600,147.85848300,3620.0,3620.0,147.588
2,2015-01-02T03:45:37Z,-33.49423000,147.85751600,3625.0,3625.0,147.476
2,2015-01-02T03:45:42Z,-33.49473000,147.85663000,3630.0,3630.0,147.379
2,2015-01-02T03:45:47Z,-33.49523000,147.85573000,3635.0,3635.0,147.28
2,2015-01-02T03:45:52Z,-33.49588300,147.85480000,3640.0,3640.0,147.167
2,2015-01-02T03:45:57Z,-33.49653000,147.85388300,3645.0,3645.0,147.056
2,2015-01-02T03:46:02Z,-33.49696000,147.85283000,3650.0,3650.0,146.952
2,2015-01-02T03:46:07Z,-33.49713000,147.85190000,3655.0,3655.0,146.877
2,2015-01-02T03:46:12Z,-33.49716000,147.85093000,3660.0,3660.0,146.81
2,2015-01-02T03:46:17Z,-33.49705000,147.85003000,3665.0,3665.0,146.759
2,2015-01-02T03:46:22Z,-33.49686000,147.84916000,3670.0,3670.0,146.716
2,2015-01-02T03:46:27Z,-33.49683000,147.84828300,3675.0,3675.0,146.66
2,2015-01-02T03:46:32Z,-33.49678300,147.84730000,3680.0,3680.0,146.6
2,2015-01-02T03:46:37Z,-33.49695000,147.84638300,3685.0,3685.0,146.525
2,2015-01-02T03:46:42Z,-33.49713000,147.84535000,3690.0,3690.0,146.442
2,2015-01-02T03:46:47Z,-33.49726000,147.84438300,3695.0,3695.0,146.368
2,2015-01-02T03:46:52Z,-33.49735000,147.84343000,3700.0,3700.0,146.298
2,2015-01-02T03:46:57Z,-33.49736000,147.84260000,3705.0,3705.0,146.247
2,2015-01-02T03:47:02Z,-33.49721600,147.84208300,3710.0,3710.0,146.22
2,2015-01-02T03:47:07Z,-33.49713000,147.84131600,3715.0,3715.0,146.176
2,2015-01-02T03:47:12Z,-33.49720000,147.84035000,3720.0,3720.0,146.107
2,2015-01-02T03:47:17Z,-33.49748300,147.83940000,3725.0,3725.0,146.023
2,2015-01-02T03:47:22Z,-33.49780000,147.83846000,3730.0,3730.0,145.937
2,2015-01-02T03:47:27Z,-33.49831600,147.83736000,3735.0,3735.0,145.824
2,2015-01-02T03:47:32Z,-33.49900000,147.83630000,3740.0,3740.0,145.703
2,2015-01-02T03:47:37Z,-33.49938300,147.83556000,3745.0,3745.0,145.622
2,2015-01-02T03:47:42Z,-33.49991600,147.83490000,3750.0,3750.0,145.537
2,2015-01-02T03:47:47Z,-33.50070000,147.83445000,3755.0,3755.0,145.445
2,2015-01-02T03:47:52Z,-33.50145000,147.83463000,3760.0,3760.0,145.398
2,2015-01-02T03:47:57Z,-33.50170000,147.83535000,3765.0,3765.0,145.426
2,2015-01-02T03:48:02Z,-33.50143000,147.83536000,3770.0,3770.0,145.448
2,2015-01-02T03:48:07Z,-33.50151600,147.83478300,3775.0,3775.0,145.403
2,2015-01-02T03:48:12Z,-33.50221600,147.83446000,3780.0,3780.0,145.327
2,2015-01-02T03:48:17Z,-33.50280000,147.83485000,3785.0,3785.0,145.307
2,2015-01-02T03:48:22Z,-33.50286000,147.83550000,3790.0,3790.0,145.344
2,2015-01-02T03:48:27Z,-33.50263000,147.83560000,3795.0,3795.0,145.369
2,2015-01-02T03:48:32Z,-33.50263000,147.83506000,3800.0,3800.0,145.334
2,2015-01-02T03:48:37Z,-33.50323000,147.83478300,3805.0,3805.0,145.268
2,2015-01-02T03:48:42Z,-33.50376000,147.83520000,3810.0,3810.0,145.254
2,2015-01-02T03:48:47Z,-33.50396000,147.83591600,3815.0,3815.0,145.286
2,2015-01-02T03:48:52Z,-33.50371600,147.83615000,3820.0,3820.0,145.32
2,2015-01-02T03:48:57Z,-33.50348300,147.83575000,3825.0,3825.0,145.312
2,2015-01-02T03:49:02Z,-33.50380000,147.83516000,3830.0,3830.0,145.249
2,2015-01-02T03:49:07Z,-33.50443000,147.83510000,3835.0,3835.0,145.195
2,2015-01-02T03:49:12Z,-33.50460000,147.83575000,3840.0,3840.0,145.22
2,2015-01-02T03:49:17Z,-33.50430000,147.83576000,3845.0,3845.0,145.247
2,2015-01-02T03:49:22Z,-33.50451600,147.83515000,3850.0,3850.0,145.192
2,2015-01-02T03:49:27Z,-33.50513000,147.83481600,3855.0,3855.0,145.122
2,2015-01-02T03:49:32Z,-33.50581600,147.83480000,3860.0,3860.0,145.067
2,2015-01-02T03:49:37Z,-33.50653000,147.83495000,3865.0,3865.0,145.022
2,2015-01-02T03:49:42Z,-33.50728300,147.83496000,3870.0,3870.0,144.964
2,2015-01-02T03:49:47Z,-33.50815000,147.83486000,3875.0,3875.0,144.89
2,2015-01-02T03:49:52Z,-33.50903000,147.83445000,3880.0,3880.0,144.794
2,2015-01-02T03:49:57Z,-33.50943000,147.83380000,3885.0,3885.0,144.72
2,2015-01-02T03:50:02Z,-33.50950000,147.83291600,3890.0,3890.0,144.656
2,2015-01-02T03:50:07Z,-33.50950000,147.83213000,3895.0,3895.0,144.604
2,2015-01-02T03:50:12Z,-33.50965000,147.83131600,3900.0,3900.0,144.538
2,2015-01-02T03:50:17Z,-33.51000000,147.83060000,3905.0,3905.0,144.464
2,2015-01-02T03:50:22Z,-33.51035000,147.82976000,3910.0,3910.0,144.381
2,2015-01-02T03:50:27Z,-33.51090000,147.82920000,3915.0,3915.0,144.301
2,2015-01-02T03:50:32Z,-33.51173000,147.82920000,3920.0,3920.0,144.236
2,2015-01-02T03:50:37Z,-33.51263000,147.82951600,3925.0,3925.0,144.187
2,2015-01-02T03:50:42Z,-33.51348300,147.82990000,3930.0,3930.0,144.147
2,2015-01-02T03:50:47Z,-33.51445000,147.83061600,3935.0,3935.0,144.12
2,2015-01-02T03:50:52Z,-33.51528300,147.83095000,3940.0,3940.0,144.078
2,2015-01-02T03:50:57Z,-33.51628300,147.83135000,3945.0,3945.0,144.028
2,2015-01-02T03:51:02Z,-33.51726000,147.83173000,3950.0,3950.0,143.979
2,2015-01-02T03:51:07Z,-33.51821600,147.83193000,3955.0,3955.0,143.92
2,2015-01-02T03:51:12Z,-33.51921600,147.83203000,3960.0,3960.0,143.85
2,2015-01-02T03:51:17Z,-33.52013000,147.83206000,3965.0,3965.0,143.782
2,2015-01-02T03:51:22Z,-33.52100000,147.83206000,3970.0,3970.0,143.716
2,2015-01-02T03:51:27Z,-33.52195000,147.83206000,3975.0,3975.0,143.644
2,2015-01-02T03:51:32Z,-33.52296000,147.83213000,3980.0,3980.0,143.571
2,2015-01-02T03:51:37Z,-33.52401600,147.83228300,3985.0,3985.0,143.502
2,2015-01-02T03:51:42Z,-33.52508300,147.83248300,3990.0,3990.0,143.435
2,2015-01-02T03:51:48Z,-33.52613000,147.83285000,3996.0,3996.0,143.381
2,2015-01-02T03:51:53Z,-33.52718300,147.83320000,4001.0,4001.0,143.326
2,2015-01-02T03:51:58Z,-33.52830000,147.83356000,4006.0,4006.0,143.268
2,2015-01-02T03:52:03Z,-33.52935000,147.83386000,4011.0,4011.0,143.21
2,2015-01-02T03:52:08Z,-33.53038300,147.83400000,4016.0,4016.0,143.143
2,2015-01-02T03:52:13Z,-33.53131600,147.83413000,4021.0,4021.0,143.083
2,2015-01-02T03:52:18Z,-33.53228300,147.83435000,4026.0,4026.0,143.026
2,2015-01-02T03:52:23Z,-33.53328300,147.83458300,4031.0,4031.0,142.969
2,2015-01-02T03:52:28Z,-33.53418300,147.83458300,4036.0,4036.0,142.902
2,2015-01-02T03:52:33Z,-33.53500000,147.83436000,4041.0,4041.0,142.827
2,2015-01-02T03:52:38Z,-33.53555000,147.83393000,4046.0,4046.0,142.757
2,2015-01-02T03:52:43Z,-33.53545000,147.83000000,4051.0,4051.0,142.722
2,2015-01-02T03:52:48Z,-33.53501600,147.83340000,4056.0,4056.0,142.759
2,2015-01-02T03:52:53Z,-33.53513000,147.83410000,4061.0,4061.0,142.799
2,2015-01-02T03:52:58Z,-33.53571600,147.83421600,4066.0,4066.0,142.765
2,2015-01-02T03:53:03Z,-33.53620000,147.83373000,4071.0,4071.0,142.695
2,2015-01-02T03:53:08Z,-33.53655000,147.83313000,4076.0,4076.0,142.628
2,2015-01-02T03:53:13Z,-33.53695000,147.83246000,4081.0,4081.0,142.552
2,2015-01-02T03:53:18Z,-33.53705000,147.83178300,4086.0,4086.0,142.497
2,2015-01-02T03:53:23Z,-33.53696000,147.83108300,4091.0,4091.0,142.455
2,2015-01-02T03:53:28Z,-33.53663000,147.83063000,4096.0,4096.0,142.448
2,2015-01-02T03:53:33Z,-33.53615000,147.83078300,4101.0,4101.0,142.494
2,2015-01-02T03:53:38Z,-33.53616000,147.83145000,4106.0,4106.0,142.539
2,2015-01-02T03:53:43Z,-33.53673000,147.83180000,4111.0,4111.0,142.522
2,2015-01-02T03:53:48Z,-33.53731600,147.83150000,4116.0,4116.0,142.458
2,2015-01-02T03:53:53Z,-33.53756000,147.83081600,4121.0,4121.0,142.392
2,2015-01-02T03:53:58Z,-33.53765000,147.83006000,4126.0,4126.0,142.334
2,2015-01-02T03:54:03Z,-33.53755000,147.82945000,4131.0,4131.0,142.298
2,2015-01-02T03:54:08Z,-33.53716000,147.82920000,4136.0,4136.0,142.309
2,2015-01-02T03:54:13Z,-33.53693000,147.82983000,4141.0,4141.0,142.37
2,2015-01-02T03:54:18Z,-33.53755000,147.83020000,4146.0,4146.0,142.35
2,2015-01-02T03:54:23Z,-33.53826000,147.82983000,4151.0,4151.0,142.272
2,2015-01-02T03:54:28Z,-33.53863000,147.82920000,4156.0,4156.0,142.201
2,2015-01-02T03:54:33Z,-33.53900000,147.82855000,4161.0,4161.0,142.129
2,2015-01-02T03:54:38Z,-33.53973000,147.82796000,4166.0,4166.0,142.034
2,2015-01-02T03:54:43Z,-33.54050000,147.82748300,4171.0,4171.0,141.945
2,2015-01-02T03:54:48Z,-33.54121600,147.82713000,4176.0,4176.0,141.868
2,2015-01-02T03:54:53Z,-33.54186000,147.82680000,4181.0,4181.0,141.797
2,2015-01-02T03:54:58Z,-33.54268300,147.82641600,4186.0,4186.0,141.711
2,2015-01-02T03:55:03Z,-33.54358300,147.82606000,4191.0,4191.0,141.621
2,2015-01-02T03:55:08Z,-33.54448300,147.82561600,4196.0,4196.0,141.524
2,2015-01-02T03:55:13Z,-33.54543000,147.82513000,4201.0,4201.0,141.421
2,2015-01-02T03:55:18Z,-33.54640000,147.82471600,4206.0,4206.0,141.321
2,2015-01-02T03:55:23Z,-33.54738300,147.82431600,4211.0,4211.0,141.222
2,2015-01-02T03:55:28Z,-33.54836000,147.82393000,4216.0,4216.0,141.124
2,2015-01-02T03:55:33Z,-33.54943000,147.82373000,4221.0,4221.0,141.033
2,2015-01-02T03:55:38Z,-33.55051600,147.82365000,4226.0,4226.0,140.949
2,2015-01-02T03:55:43Z,-33.55163000,147.82345000,4231.0,4231.0,140.855
2,2015-01-02T03:55:48Z,-33.55268300,147.82318300,4236.0,4236.0,140.761
2,2015-01-02T03:55:53Z,-33.55371600,147.82285000,4241.0,4241.0,140.664
2,2015-01-02T03:55:58Z,-33.55463000,147.82250000,4246.0,4246.0,140.574
2,2015-01-02T03:56:03Z,-33.55548300,147.82203000,4251.0,4251.0,140.48
2,2015-01-02T03:56:08Z,-33.55645000,147.82153000,4256.0,4256.0,140.376
2,2015-01-02T03:56:13Z,-33.55735000,147.82095000,4261.0,4261.0,140.27
2,2015-01-02T03:56:18Z,-33.55825000,147.82023000,4266.0,4266.0,140.155
2,2015-01-02T03:56:23Z,-33.55898300,147.81941600,4271.0,4271.0,140.045
2,2015-01-02T03:56:28Z,-33.55960000,147.81856000,4276.0,4276.0,139.941
2,2015-01-02T03:56:33Z,-33.56010000,147.81761600,4281.0,4281.0,139.838
2,2015-01-02T03:56:38Z,-33.56070000,147.81671600,4286.0,4286.0,139.731
2,2015-01-02T03:56:43Z,-33.56138300,147.81593000,4291.0,4291.0,139.626
2,2015-01-02T03:56:48Z,-33.56165000,147.81515000,4296.0,4296.0,139.552
2,2015-01-02T03:56:53Z,-33.56138300,147.81461600,4301.0,4301.0,139.532
2,2015-01-02T03:56:58Z,-33.56088300,147.81480000,4306.0,4306.0,139.581
2,2015-01-02T03:57:03Z,-33.56101600,147.81560000,4311.0,4311.0,139.628
2,2015-01-02T03:57:08Z,-33.56200000,147.81573000,4316.0,4316.0,139.569
2,2015-01-02T03:57:13Z,-33.56276000,147.81511600,4321.0,4321.0,139.47
2,2015-01-02T03:57:18Z,-33.56320000,147.81440000,4326.0,4326.0,139.389
2,2015-01-02T03:57:23Z,-33.56353000,147.81350000,4331.0,4331.0,139.301
2,2015-01-02T03:57:28Z,-33.56425000,147.81268300,4336.0,4336.0,139.191
2,2015-01-02T03:57:33Z,-33.56501600,147.81206000,4341.0,4341.0,139.093
2,2015-01-02T03:57:38Z,-33.56590000,147.81146000,4346.0,4346.0,138.988
2,2015-01-02T03:57:43Z,-33.56660000,147.81095000,4351.0,4351.0,138.902
2,2015-01-02T03:57:48Z,-33.56736000,147.81083000,4356.0,4356.0,138.84
2,2015-01-02T03:57:53Z,-33.56836000,147.81058300,4361.0,4361.0,138.752
2,2015-01-02T03:57:58Z,-33.56920000,147.81031600,4366.0,4366.0,138.674
2,2015-01-02T03:58:03Z,-33.57006000,147.81000000,4371.0,4371.0,138.591
2,2015-01-02T03:58:08Z,-33.57101600,147.80980000,4376.0,4376.0,138.511
2,2015-01-02T03:58:13Z,-33.57196000,147.80961600,4381.0,4381.0,138.432
2,2015-01-02T03:58:18Z,-33.57280000,147.80923000,4386.0,4386.0,138.346
2,2015-01-02T03:58:23Z,-33.57356000,147.80888300,4391.0,4391.0,138.268
2,2015-01-02T03:58:28Z,-33.57428300,147.80836000,4396.0,4396.0,138.181
2,2015-01-02T03:58:33Z,-33.57513000,147.80800000,4401.0,4401.0,138.096
2,2015-01-02T03:58:38Z,-33.57591600,147.80758300,4406.0,4406.0,138.012
2,2015-01-02T03:58:43Z,-33.57680000,147.80730000,4411.0,4411.0,137.933
2,2015-01-02T03:58:48Z,-33.57776000,147.80693000,4416.0,4416.0,137.838
2,2015-01-02T03:58:53Z,-33.57860000,147.80653000,4421.0,4421.0,137.747
2,2015-01-02T03:58:58Z,-33.57956000,147.80595000,4426.0,4426.0,137.643
2,2015-01-02T03:59:03Z,-33.58043000,147.80545000,4431.0,4431.0,137.548
2,2015-01-02T03:59:08Z,-33.58130000,147.80491600,4436.0,4436.0,137.45
2,2015-01-02T03:59:13Z,-33.58215000,147.80446000,4441.0,4441.0,137.359
2,2015-01-02T03:59:18Z,-33.58293000,147.80388300,4446.0,4446.0,137.264
2,2015-01-02T03:59:23Z,-33.58380000,147.80338300,4451.0,4451.0,137.168
2,2015-01-02T03:59:28Z,-33.58463000,147.80280000,4456.0,4456.0,137.069
2,2015-01-02T03:59:34Z,-33.58543000,147.80213000,4462.0,4462.0,136.966
2,2015-01-02T03:59:39Z,-33.58618300,147.80160000,4467.0,4467.0,136.877
2,2015-01-02T03:59:44Z,-33.58698300,147.80130000,4472.0,4472.0,136.801
2,2015-01-02T03:59:49Z,-33.58790000,147.80120000,4477.0,4477.0,136.733
2,2015-01-02T03:59:54Z,-33.58881600,147.80118300,4482.0,4482.0,136.67
2,2015-01-02T03:59:59Z,-33.58975000,147.80113000,4487.0,4487.0,136.605
2,2015-01-02T04:00:04Z,-33.59061600,147.80115000,4492.0,4492.0,136.549
2,2015-01-02T04:00:09Z,-33.59145000,147.80113000,4497.0,4497.0,136.493
2,2015-01-02T04:00:14Z,-33.59230000,147.80128300,4502.0,4502.0,136.446
2,2015-01-02T04:00:19Z,-33.59323000,147.80160000,4507.0,4507.0,136.411
2,2015-01-02T04:00:24Z,-33.59406000,147.80200000,4512.0,4512.0,136.387
2,2015-01-02T04:00:29Z,-33.59493000,147.80228300,4517.0,4517.0,136.352
2,2015-01-02T04:00:34Z,-33.59586000,147.80256000,4522.0,4522.0,136.314
2,2015-01-02T04:00:39Z,-33.59673000,147.80275000,4527.0,4527.0,136.272
2,2015-01-02T04:00:44Z,-33.59761600,147.80285000,4532.0,4532.0,136.223
2,2015-01-02T04:00:49Z,-33.59848300,147.80276000,4537.0,4537.0,136.162
2,2015-01-02T04:00:54Z,-33.59896000,147.80211600,4542.0,4542.0,136.082
2,2015-01-02T04:00:59Z,-33.59890000,147.80138300,4547.0,4547.0,136.03
2,2015-01-02T04:01:04Z,-33.59856000,147.80090000,4552.0,4552.0,136.015
2,2015-01-02T04:01:09Z,-33.59823000,147.80035000,4557.0,4557.0,135.994
2,2015-01-02T04:01:14Z,-33.59786000,147.80006000,4562.0,4562.0,135.996
2,2015-01-02T04:01:19Z,-33.59753000,147.80046000,4567.0,4567.0,136.048
2,2015-01-02T04:01:24Z,-33.59761600,147.80120000,4572.0,4572.0,136.098
2,2015-01-02T04:01:29Z,-33.59806000,147.80193000,4577.0,4577.0,136.125
2,2015-01-02T04:01:34Z,-33.59878300,147.80241600,4582.0,4582.0,136.116
2,2015-01-02T04:01:39Z,-33.59963000,147.80280000,4587.0,4587.0,136.091
2,2015-01-02T04:01:44Z,-33.60043000,147.80323000,4592.0,4592.0,136.074
2,2015-01-02T04:01:49Z,-33.60130000,147.80355000,4597.0,4597.0,136.044
2,2015-01-02T04:01:54Z,-33.60218300,147.80386000,4602.0,4602.0,136.013
2,2015-01-02T04:01:59Z,-33.60296000,147.80435000,4607.0,4607.0,136.001
2,2015-01-02T04:02:04Z,-33.60341600,147.80515000,4612.0,4612.0,136.035
2,2015-01-02T04:02:09Z,-33.60356000,147.80598300,4617.0,4617.0,136.09
2,2015-01-02T04:02:14Z,-33.60348300,147.80663000,4622.0,4622.0,136.145
2,2015-01-02T04:02:19Z,-33.60323000,147.80713000,4627.0,4627.0,136.199
2,2015-01-02T04:02:24Z,-33.60306000,147.80775000,4632.0,4632.0,136.257
2,2015-01-02T04:02:29Z,-33.60276000,147.80800000,4637.0,4637.0,136.295
2,2015-01-02T04:02:34Z,-33.60296000,147.80746000,4642.0,4642.0,136.241
2,2015-01-02T04:02:39Z,-33.60316000,147.80683000,4647.0,4647.0,136.18
2,2015-01-02T04:02:44Z,-33.60305000,147.80630000,4652.0,4652.0,136.149
2,2015-01-02T04:02:49Z,-33.60275000,147.80648300,4657.0,4657.0,136.179
2,2015-01-02T04:02:54Z,-33.60250000,147.80715000,4662.0,4662.0,136.246
2,2015-01-02T04:02:59Z,-33.60216000,147.80711600,4667.0,4667.0,136.264
2,2015-01-02T04:03:04Z,-33.60200000,147.80678300,4672.0,4672.0,136.248
2,2015-01-02T04:03:09Z,-33.60191600,147.80651600,4677.0,4677.0,136.233
2,2015-01-02T04:03:14Z,-33.60185000,147.80643000,4682.0,4682.0,136.231
2,2015-01-02T04:03:19Z,-33.60185000,147.80643000,4687.0,4687.0,136.231
2,2015-01-02T04:03:24Z,-33.60180000,147.80638300,4692.0,4692.0,136.23
2,2015-01-02T04:03:29Z,-33.60176000,147.80631600,4697.0,4697.0,136.227
2,2015-01-02T04:03:34Z,-33.60171600,147.80626000,4702.0,4702.0,136.226
2,2015-01-02T04:03:39Z,-33.60168300,147.80620000,4707.0,4707.0,136.223
2,2015-01-02T04:03:44Z,-33.60165000,147.80616000,4712.0,4712.0,136.223
2,2015-01-02T04:03:49Z,-33.60160000,147.80613000,4717.0,4717.0,136.223
2,2015-01-02T04:03:54Z,-33.60158300,147.80605000,4722.0,4722.0,136.218
2,2015-01-02T04:03:59Z,-33.60155000,147.80600000,4727.0,4727.0,136.216
2,2015-01-02T04:04:04Z,-33.60150000,147.80593000,4732.0,4732.0,136.214
2,2015-01-02T04:04:09Z,-33.60145000,147.80586000,4737.0,4737.0,136.212
2,2015-01-02T04:04:14Z,-33.60145000,147.80586000,4742.0,4742.0,136.212
2,2015-01-02T04:04:19Z,-33.60141600,147.80583000,4747.0,4747.0,136.212
2,2015-01-02T04:04:24Z,-33.60138300,147.80578300,4752.0,4752.0,136.21
2,2015-01-02T04:04:29Z,-33.60138300,147.80570000,4757.0,4757.0,136.203
2,2015-01-02T04:04:34Z,-33.60138300,147.80560000,4762.0,4762.0,136.201
2,2015-01-02T04:04:39Z,-33.60138300,147.80563000,4767.0,4767.0,136.198
2,2015-01-02T04:04:44Z,-33.60135000,147.80558300,4772.0,4772.0,136.197
2,2015-01-02T04:04:49Z,-33.60131600,147.80553000,4777.0,4777.0,136.195
