fixIdx,legIdx,zoneIdx,tickLead,tickRace,time,lat,lng,alt,togo
28,1,1,-1507.33544847463,-1507.33544847463,,,,214.0,193.206
57,1,30,-1215.33544847463,-1215.33544847463,,,,730.0,193.078
58,1,31,-1205.33544847463,-1205.33544847463,,,,744.0,193.022
59,1,32,-1195.33544847463,-1195.33544847463,,,,739.0,192.987
60,1,33,-1185.33544847463,-1185.33544847463,,,,727.0,192.839
63,1,36,-1155.33544847463,-1155.33544847463,,,,705.0,192.796
64,1,37,-1145.33544847463,-1145.33544847463,,,,708.0,192.745
66,1,39,-1125.33544847463,-1125.33544847463,,,,722.0,192.607
67,1,40,-1115.33544847463,-1115.33544847463,,,,736.0,192.504
69,1,42,-1095.33544847463,-1095.33544847463,,,,751.0,192.381
70,1,43,-1084.33544847463,-1084.33544847463,,,,767.0,192.306
71,1,44,-1074.33544847463,-1074.33544847463,,,,776.0,192.291
72,1,45,-1064.33544847463,-1064.33544847463,,,,796.0,192.203
73,1,46,-1054.33544847463,-1054.33544847463,,,,806.0,192.078
75,1,48,-1034.33544847463,-1034.33544847463,,,,811.0,191.944
76,1,49,-1024.33544847463,-1024.33544847463,,,,824.0,191.73
77,1,50,-1014.33544847463,-1014.33544847463,,,,847.0,191.634
78,1,51,-1004.33544847463,-1004.33544847463,,,,871.0,191.539
79,1,52,-994.33544847463,-994.33544847463,,,,899.0,191.524
80,1,53,-984.33544847463,-984.33544847463,,,,927.0,191.432
81,1,54,-974.33544847463,-974.33544847463,,,,963.0,191.322
82,1,55,-964.33544847463,-964.33544847463,,,,994.0,191.222
83,1,56,-953.33544847463,-953.33544847463,,,,1016.0,191.156
84,1,57,-943.33544847463,-943.33544847463,,,,1048.0,191.114
85,1,58,-933.33544847463,-933.33544847463,,,,1065.0,190.949
86,1,59,-923.33544847463,-923.33544847463,,,,1091.0,190.918
87,1,60,-913.33544847463,-913.33544847463,,,,1119.0,190.799
88,1,61,-903.33544847463,-903.33544847463,,,,1140.0,190.718
89,1,62,-893.33544847463,-893.33544847463,,,,1158.0,190.689
90,1,63,-883.33544847463,-883.33544847463,,,,1184.0,190.546
91,1,64,-873.33544847463,-873.33544847463,,,,1202.0,190.476
92,1,65,-863.33544847463,-863.33544847463,,,,1224.0,190.434
93,1,66,-853.33544847463,-853.33544847463,,,,1250.0,190.326
94,1,67,-843.33544847463,-843.33544847463,,,,1275.0,190.225
95,1,68,-833.33544847463,-833.33544847463,,,,1297.0,190.198
96,1,69,-822.33544847463,-822.33544847463,,,,1328.0,190.093
97,1,70,-812.33544847463,-812.33544847463,,,,1360.0,190.016
98,1,71,-802.33544847463,-802.33544847463,,,,1387.0,189.835
99,1,72,-792.33544847463,-792.33544847463,,,,1413.0,189.702
100,1,73,-782.33544847463,-782.33544847463,,,,1440.0,189.634
101,1,74,-772.33544847463,-772.33544847463,,,,1466.0,189.574
102,1,75,-762.33544847463,-762.33544847463,,,,1487.0,189.492
103,1,76,-752.33544847463,-752.33544847463,,,,1509.0,189.404
104,1,77,-742.33544847463,-742.33544847463,,,,1527.0,189.321
105,1,78,-732.33544847463,-732.33544847463,,,,1546.0,189.142
106,1,79,-722.33544847463,-722.33544847463,,,,1571.0,189.041
107,1,80,-712.33544847463,-712.33544847463,,,,1586.0,188.987
108,1,81,-702.33544847463,-702.33544847463,,,,1602.0,188.835
109,1,82,-692.33544847463,-692.33544847463,,,,1613.0,188.737
110,1,83,-681.33544847463,-681.33544847463,,,,1625.0,188.724
111,1,84,-671.33544847463,-671.33544847463,,,,1638.0,188.625
112,1,85,-661.33544847463,-661.33544847463,,,,1656.0,188.5
113,1,86,-651.33544847463,-651.33544847463,,,,1677.0,188.42
114,1,87,-641.33544847463,-641.33544847463,,,,1695.0,188.353
115,1,88,-631.33544847463,-631.33544847463,,,,1715.0,188.217
116,1,89,-621.33544847463,-621.33544847463,,,,1731.0,188.189
117,1,90,-611.33544847463,-611.33544847463,,,,1761.0,187.999
118,1,91,-601.33544847463,-601.33544847463,,,,1770.0,187.981
119,1,92,-591.33544847463,-591.33544847463,,,,1782.0,187.962
120,1,93,-581.33544847463,-581.33544847463,,,,1794.0,187.826
121,1,94,-570.33544847463,-570.33544847463,,,,1808.0,187.681
122,1,95,-560.33544847463,-560.33544847463,,,,1820.0,187.646
123,1,96,-550.33544847463,-550.33544847463,,,,1826.0,187.516
124,1,97,-540.33544847463,-540.33544847463,,,,1838.0,187.496
125,1,98,-530.33544847463,-530.33544847463,,,,1843.0,187.267
126,1,99,-520.33544847463,-520.33544847463,,,,1850.0,187.15
127,1,100,-510.33544847463,-510.33544847463,,,,1855.0,187.093
128,1,101,-500.33544847463,-500.33544847463,,,,1853.0,186.993
129,1,102,-490.33544847463,-490.33544847463,,,,1856.0,186.987
133,1,106,-450.33544847463,-450.33544847463,,,,1808.0,186.943
134,1,107,-440.33544847463,-440.33544847463,,,,1822.0,186.868
135,1,108,-430.33544847463,-430.33544847463,,,,1836.0,186.71
137,1,110,-409.33544847463,-409.33544847463,,,,1853.0,186.551
139,1,112,-389.33544847463,-389.33544847463,,,,1868.0,186.387
140,1,113,-379.33544847463,-379.33544847463,,,,1860.0,186.293
141,1,114,-369.33544847463,-369.33544847463,,,,1840.0,186.243
142,1,115,-359.33544847463,-359.33544847463,,,,1832.0,186.127
143,1,116,-349.33544847463,-349.33544847463,,,,1823.0,186.055
144,1,117,-339.33544847463,-339.33544847463,,,,1813.0,185.977
145,1,118,-329.33544847463,-329.33544847463,,,,1801.0,185.913
146,1,119,-319.33544847463,-319.33544847463,,,,1789.0,185.861
147,1,120,-309.33544847463,-309.33544847463,,,,1775.0,185.797
148,1,121,-299.33544847463,-299.33544847463,,,,1764.0,185.742
149,1,122,-289.33544847463,-289.33544847463,,,,1754.0,185.675
150,1,123,-279.33544847463,-279.33544847463,,,,1748.0,185.624
151,1,124,-269.33544847463,-269.33544847463,,,,1737.0,185.554
152,1,125,-259.33544847463,-259.33544847463,,,,1728.0,185.504
153,1,126,-249.33544847463,-249.33544847463,,,,1718.0,185.437
154,1,127,-238.33544847463,-238.33544847463,,,,1709.0,185.364
155,1,128,-228.33544847463,-228.33544847463,,,,1693.0,185.285
156,1,129,-218.33544847463,-218.33544847463,,,,1676.0,185.205
157,1,130,-208.33544847463,-208.33544847463,,,,1659.0,185.134
158,1,131,-198.33544847463,-198.33544847463,,,,1648.0,185.05
159,1,132,-188.33544847463,-188.33544847463,,,,1641.0,184.97
160,1,133,-178.33544847463,-178.33544847463,,,,1628.0,184.827
161,1,134,-168.33544847463,-168.33544847463,,,,1619.0,184.728
162,1,135,-158.33544847463,-158.33544847463,,,,1600.0,184.62
163,1,136,-148.33544847463,-148.33544847463,,,,1582.0,184.539
164,1,137,-138.33544847463,-138.33544847463,,,,1542.0,184.503
165,1,138,-128.33544847463,-128.33544847463,,,,1512.0,184.385
166,1,139,-118.33544847463,-118.33544847463,,,,1488.0,184.312
167,1,140,-108.33544847463,-108.33544847463,,,,1467.0,184.216
168,1,141,-98.33544847463,-98.33544847463,,,,1455.0,184.174
169,1,142,-88.33544847463,-88.33544847463,,,,1449.0,184.064
170,1,143,-78.33544847463,-78.33544847463,,,,1459.0,183.91
171,1,144,-68.33544847463,-68.33544847463,,,,1457.0,183.853
172,1,145,-58.33544847463,-58.33544847463,,,,1465.0,183.738
173,1,146,-48.33544847463,-48.33544847463,,,,1470.0,183.685
174,1,147,-38.33544847463,-38.33544847463,,,,1474.0,183.639
175,1,148,-27.33544847463,-27.33544847463,,,,1480.0,183.547
176,1,149,-17.33544847463,-17.33544847463,,,,1491.0,183.468
177,1,150,-7.33544847463,-7.33544847463,,,,1495.0,183.391
178,2,1,2.66455152537,2.66455152537,,,,1504.0,183.295
180,2,3,22.66455152537,22.66455152537,,,,1526.0,183.199
181,2,4,32.66455152537,32.66455152537,,,,1545.0,183.159
182,2,5,42.66455152537,42.66455152537,,,,1563.0,183.107
183,2,6,52.66455152537,52.66455152537,,,,1586.0,182.991
184,2,7,62.66455152537,62.66455152537,,,,1600.0,182.897
185,2,8,72.66455152537,72.66455152537,,,,1614.0,182.772
186,2,9,83.66455152537,83.66455152537,,,,1623.0,182.715
187,2,10,93.66455152537,93.66455152537,,,,1637.0,182.657
188,2,11,103.66455152537,103.66455152537,,,,1648.0,182.558
190,2,13,123.66455152537,123.66455152537,,,,1628.0,182.534
191,2,14,133.66455152537,133.66455152537,,,,1620.0,182.322
192,2,15,143.66455152537,143.66455152537,,,,1621.0,182.101
193,2,16,153.66455152537,153.66455152537,,,,1607.0,181.886
194,2,17,163.66455152537,163.66455152537,,,,1582.0,181.692
195,2,18,173.66455152537,173.66455152537,,,,1568.0,181.537
196,2,19,183.66455152537,183.66455152537,,,,1563.0,181.355
197,2,20,193.66455152537,193.66455152537,,,,1577.0,181.155
198,2,21,203.66455152537,203.66455152537,,,,1583.0,181.063
199,2,22,213.66455152537,213.66455152537,,,,1604.0,180.931
200,2,23,223.66455152537,223.66455152537,,,,1603.0,180.782
202,2,25,243.66455152537,243.66455152537,,,,1650.0,180.708
203,2,26,253.66455152537,253.66455152537,,,,1671.0,180.641
204,2,27,264.66455152537,264.66455152537,,,,1686.0,180.549
206,2,29,284.66455152537,284.66455152537,,,,1730.0,180.475
207,2,30,294.66455152537,294.66455152537,,,,1739.0,180.412
208,2,31,304.66455152537,304.66455152537,,,,1759.0,180.312
209,2,32,314.66455152537,314.66455152537,,,,1776.0,180.292
210,2,33,324.66455152537,324.66455152537,,,,1801.0,180.171
212,2,35,344.66455152537,344.66455152537,,,,1837.0,180.08
213,2,36,354.66455152537,354.66455152537,,,,1842.0,180.008
214,2,37,364.66455152537,364.66455152537,,,,1859.0,179.875
216,2,39,384.66455152537,384.66455152537,,,,1861.0,179.749
217,2,40,394.66455152537,394.66455152537,,,,1863.0,179.57
218,2,41,404.66455152537,404.66455152537,,,,1860.0,179.441
219,2,42,415.66455152537,415.66455152537,,,,1841.0,179.251
220,2,43,425.66455152537,425.66455152537,,,,1825.0,179.038
221,2,44,435.66455152537,435.66455152537,,,,1821.0,178.816
222,2,45,445.66455152537,445.66455152537,,,,1821.0,178.583
223,2,46,455.66455152537,455.66455152537,,,,1815.0,178.366
224,2,47,465.66455152537,465.66455152537,,,,1807.0,178.153
225,2,48,475.66455152537,475.66455152537,,,,1784.0,177.925
226,2,49,485.66455152537,485.66455152537,,,,1771.0,177.671
227,2,50,495.66455152537,495.66455152537,,,,1756.0,177.44
228,2,51,505.66455152537,505.66455152537,,,,1736.0,177.221
229,2,52,515.66455152537,515.66455152537,,,,1712.0,177.053
230,2,53,525.66455152537,525.66455152537,,,,1690.0,176.877
231,2,54,535.66455152537,535.66455152537,,,,1682.0,176.745
232,2,55,545.66455152537,545.66455152537,,,,1690.0,176.695
233,2,56,555.66455152537,555.66455152537,,,,1713.0,176.586
234,2,57,565.66455152537,565.66455152537,,,,1722.0,176.514
235,2,58,575.66455152537,575.66455152537,,,,1734.0,176.507
236,2,59,585.66455152537,585.66455152537,,,,1746.0,176.381
237,2,60,595.66455152537,595.66455152537,,,,1745.0,176.347
238,2,61,605.66455152537,605.66455152537,,,,1752.0,176.188
240,2,63,625.66455152537,625.66455152537,,,,1759.0,176.169
241,2,64,635.66455152537,635.66455152537,,,,1761.0,176.164
242,2,65,645.66455152537,645.66455152537,,,,1776.0,176.039
243,2,66,655.66455152537,655.66455152537,,,,1785.0,175.92
244,2,67,665.66455152537,665.66455152537,,,,1787.0,175.704
245,2,68,675.66455152537,675.66455152537,,,,1784.0,175.685
246,2,69,686.66455152537,686.66455152537,,,,1801.0,175.609
247,2,70,696.66455152537,696.66455152537,,,,1796.0,175.538
248,2,71,706.66455152537,706.66455152537,,,,1793.0,175.459
249,2,72,716.66455152537,716.66455152537,,,,1800.0,175.215
250,2,73,726.66455152537,726.66455152537,,,,1801.0,175.186
251,2,74,736.66455152537,736.66455152537,,,,1803.0,175.158
252,2,75,746.66455152537,746.66455152537,,,,1812.0,174.948
253,2,76,756.66455152537,756.66455152537,,,,1821.0,174.876
254,2,77,766.66455152537,766.66455152537,,,,1832.0,174.717
255,2,78,776.66455152537,776.66455152537,,,,1826.0,174.553
256,2,79,786.66455152537,786.66455152537,,,,1827.0,174.328
257,2,80,796.66455152537,796.66455152537,,,,1827.0,174.254
258,2,81,806.66455152537,806.66455152537,,,,1821.0,174.14
259,2,82,816.66455152537,816.66455152537,,,,1825.0,174.043
260,2,83,826.66455152537,826.66455152537,,,,1821.0,173.889
261,2,84,836.66455152537,836.66455152537,,,,1803.0,173.753
262,2,85,846.66455152537,846.66455152537,,,,1789.0,173.574
263,2,86,856.66455152537,856.66455152537,,,,1791.0,173.413
264,2,87,866.66455152537,866.66455152537,,,,1778.0,173.273
265,2,88,876.66455152537,876.66455152537,,,,1764.0,173.144
266,2,89,886.66455152537,886.66455152537,,,,1752.0,173.016
267,2,90,896.66455152537,896.66455152537,,,,1739.0,172.864
268,2,91,906.66455152537,906.66455152537,,,,1725.0,172.71
269,2,92,916.66455152537,916.66455152537,,,,1697.0,172.578
270,2,93,926.66455152537,926.66455152537,,,,1663.0,172.477
271,2,94,936.66455152537,936.66455152537,,,,1632.0,172.378
272,2,95,946.66455152537,946.66455152537,,,,1623.0,172.227
273,2,96,956.66455152537,956.66455152537,,,,1638.0,172.075
274,2,97,966.66455152537,966.66455152537,,,,1639.0,172.038
275,2,98,976.66455152537,976.66455152537,,,,1641.0,171.905
276,2,99,986.66455152537,986.66455152537,,,,1647.0,171.73
277,2,100,997.66455152537,997.66455152537,,,,1642.0,171.594
278,2,101,1007.66455152537,1007.66455152537,,,,1629.0,171.443
279,2,102,1017.66455152537,1017.66455152537,,,,1622.0,171.209
280,2,103,1027.66455152537,1027.66455152537,,,,1607.0,171.017
281,2,104,1037.66455152537,1037.66455152537,,,,1600.0,170.82
282,2,105,1047.66455152537,1047.66455152537,,,,1584.0,170.64
283,2,106,1057.66455152537,1057.66455152537,,,,1580.0,170.557
284,2,107,1067.66455152537,1067.66455152537,,,,1565.0,170.398
285,2,108,1077.66455152537,1077.66455152537,,,,1570.0,170.288
286,2,109,1087.66455152537,1087.66455152537,,,,1568.0,170.287
287,2,110,1097.66455152537,1097.66455152537,,,,1570.0,170.147
288,2,111,1107.66455152537,1107.66455152537,,,,1564.0,170.001
289,2,112,1117.66455152537,1117.66455152537,,,,1540.0,169.761
290,2,113,1127.66455152537,1127.66455152537,,,,1512.0,169.514
291,2,114,1137.66455152537,1137.66455152537,,,,1481.0,169.267
292,2,115,1147.66455152537,1147.66455152537,,,,1459.0,169.046
293,2,116,1157.66455152537,1157.66455152537,,,,1423.0,168.822
294,2,117,1167.66455152537,1167.66455152537,,,,1381.0,168.595
295,2,118,1177.66455152537,1177.66455152537,,,,1345.0,168.378
296,2,119,1187.66455152537,1187.66455152537,,,,1318.0,168.142
297,2,120,1197.66455152537,1197.66455152537,,,,1297.0,167.893
298,2,121,1207.66455152537,1207.66455152537,,,,1293.0,167.634
299,2,122,1217.66455152537,1217.66455152537,,,,1289.0,167.375
300,2,123,1227.66455152537,1227.66455152537,,,,1297.0,167.125
301,2,124,1237.66455152537,1237.66455152537,,,,1305.0,167.018
302,2,125,1247.66455152537,1247.66455152537,,,,1320.0,166.826
303,2,126,1257.66455152537,1257.66455152537,,,,1328.0,166.777
304,2,127,1267.66455152537,1267.66455152537,,,,1343.0,166.607
305,2,128,1277.66455152537,1277.66455152537,,,,1365.0,166.556
306,2,129,1288.66455152537,1288.66455152537,,,,1375.0,166.382
307,2,130,1298.66455152537,1298.66455152537,,,,1404.0,166.339
308,2,131,1308.66455152537,1308.66455152537,,,,1416.0,166.186
309,2,132,1318.66455152537,1318.66455152537,,,,1438.0,166.121
310,2,133,1328.66455152537,1328.66455152537,,,,1458.0,166.03
312,2,135,1348.66455152537,1348.66455152537,,,,1487.0,165.887
313,2,136,1358.66455152537,1358.66455152537,,,,1511.0,165.835
314,2,137,1368.66455152537,1368.66455152537,,,,1526.0,165.646
315,2,138,1378.66455152537,1378.66455152537,,,,1543.0,165.558
316,2,139,1388.66455152537,1388.66455152537,,,,1561.0,165.451
317,2,140,1398.66455152537,1398.66455152537,,,,1586.0,165.409
318,2,141,1408.66455152537,1408.66455152537,,,,1602.0,165.296
319,2,142,1418.66455152537,1418.66455152537,,,,1625.0,165.156
320,2,143,1428.66455152537,1428.66455152537,,,,1640.0,165.128
321,2,144,1438.66455152537,1438.66455152537,,,,1659.0,165.011
322,2,145,1449.66455152537,1449.66455152537,,,,1683.0,164.978
323,2,146,1459.66455152537,1459.66455152537,,,,1689.0,164.869
324,2,147,1469.66455152537,1469.66455152537,,,,1702.0,164.706
325,2,148,1479.66455152537,1479.66455152537,,,,1721.0,164.687
326,2,149,1489.66455152537,1489.66455152537,,,,1730.0,164.573
328,2,151,1509.66455152537,1509.66455152537,,,,1750.0,164.367
329,2,152,1519.66455152537,1519.66455152537,,,,1760.0,164.256
330,2,153,1529.66455152537,1529.66455152537,,,,1775.0,164.11
331,2,154,1539.66455152537,1539.66455152537,,,,1786.0,163.985
332,2,155,1549.66455152537,1549.66455152537,,,,1790.0,163.905
333,2,156,1559.66455152537,1559.66455152537,,,,1793.0,163.76
334,2,157,1569.66455152537,1569.66455152537,,,,1788.0,163.607
335,2,158,1579.66455152537,1579.66455152537,,,,1809.0,163.366
336,2,159,1589.66455152537,1589.66455152537,,,,1839.0,163.301
337,2,160,1599.66455152537,1599.66455152537,,,,1855.0,163.136
338,2,161,1610.66455152537,1610.66455152537,,,,1883.0,163.127
339,2,162,1620.66455152537,1620.66455152537,,,,1900.0,162.974
340,2,163,1630.66455152537,1630.66455152537,,,,1925.0,162.938
341,2,164,1640.66455152537,1640.66455152537,,,,1945.0,162.858
342,2,165,1650.66455152537,1650.66455152537,,,,1967.0,162.731
343,2,166,1660.66455152537,1660.66455152537,,,,1979.0,162.727
344,2,167,1670.66455152537,1670.66455152537,,,,2009.0,162.561
346,2,169,1690.66455152537,1690.66455152537,,,,2015.0,162.527
347,2,170,1700.66455152537,1700.66455152537,,,,2020.0,162.327
348,2,171,1710.66455152537,1710.66455152537,,,,2017.0,162.122
349,2,172,1720.66455152537,1720.66455152537,,,,2035.0,161.94
350,2,173,1730.66455152537,1730.66455152537,,,,2017.0,161.759
351,2,174,1740.66455152537,1740.66455152537,,,,2000.0,161.532
352,2,175,1750.66455152537,1750.66455152537,,,,1990.0,161.307
353,2,176,1760.66455152537,1760.66455152537,,,,1993.0,161.11
354,2,177,1770.66455152537,1770.66455152537,,,,2009.0,160.957
355,2,178,1780.66455152537,1780.66455152537,,,,2022.0,160.781
356,2,179,1790.66455152537,1790.66455152537,,,,2005.0,160.59
357,2,180,1800.66455152537,1800.66455152537,,,,1980.0,160.379
358,2,181,1811.66455152537,1811.66455152537,,,,1962.0,160.187
359,2,182,1821.66455152537,1821.66455152537,,,,1945.0,159.992
360,2,183,1831.66455152537,1831.66455152537,,,,1928.0,159.817
361,2,184,1841.66455152537,1841.66455152537,,,,1911.0,159.665
362,2,185,1851.66455152537,1851.66455152537,,,,1894.0,159.52
363,2,186,1861.66455152537,1861.66455152537,,,,1873.0,159.357
364,2,187,1871.66455152537,1871.66455152537,,,,1861.0,159.19
365,2,188,1881.66455152537,1881.66455152537,,,,1844.0,159.041
366,2,189,1891.66455152537,1891.66455152537,,,,1823.0,158.845
367,2,190,1901.66455152537,1901.66455152537,,,,1798.0,158.651
368,2,191,1911.66455152537,1911.66455152537,,,,1776.0,158.433
369,2,192,1921.66455152537,1921.66455152537,,,,1752.0,158.214
370,2,193,1931.66455152537,1931.66455152537,,,,1734.0,157.982
371,2,194,1941.66455152537,1941.66455152537,,,,1717.0,157.759
372,2,195,1951.66455152537,1951.66455152537,,,,1699.0,157.537
373,2,196,1961.66455152537,1961.66455152537,,,,1679.0,157.329
374,2,197,1971.66455152537,1971.66455152537,,,,1674.0,157.078
375,2,198,1981.66455152537,1981.66455152537,,,,1675.0,156.843
376,2,199,1991.66455152537,1991.66455152537,,,,1669.0,156.634
377,2,200,2001.66455152537,2001.66455152537,,,,1660.0,156.397
378,2,201,2011.66455152537,2011.66455152537,,,,1671.0,156.158
379,2,202,2021.66455152537,2021.66455152537,,,,1698.0,155.96
380,2,203,2031.66455152537,2031.66455152537,,,,1730.0,155.937
381,2,204,2041.66455152537,2041.66455152537,,,,1756.0,155.783
383,2,206,2061.66455152537,2061.66455152537,,,,1787.0,155.61
384,2,207,2071.66455152537,2071.66455152537,,,,1815.0,155.506
385,2,208,2081.66455152537,2081.66455152537,,,,1842.0,155.412
386,2,209,2091.66455152537,2091.66455152537,,,,1879.0,155.254
387,2,210,2101.66455152537,2101.66455152537,,,,1894.0,155.214
388,2,211,2111.66455152537,2111.66455152537,,,,1919.0,155.067
389,2,212,2121.66455152537,2121.66455152537,,,,1919.0,154.851
390,2,213,2131.66455152537,2131.66455152537,,,,1929.0,154.848
393,2,216,2161.66455152537,2161.66455152537,,,,1961.0,154.833
394,2,217,2171.66455152537,2171.66455152537,,,,1952.0,154.647
395,2,218,2181.66455152537,2181.66455152537,,,,1944.0,154.44
396,2,219,2191.66455152537,2191.66455152537,,,,1941.0,154.24
397,2,220,2201.66455152537,2201.66455152537,,,,1908.0,154.026
398,2,221,2211.66455152537,2211.66455152537,,,,1882.0,153.78
399,2,222,2221.66455152537,2221.66455152537,,,,1852.0,153.558
400,2,223,2231.66455152537,2231.66455152537,,,,1840.0,153.308
401,2,224,2242.66455152537,2242.66455152537,,,,1825.0,153.083
402,2,225,2252.66455152537,2252.66455152537,,,,1812.0,152.861
403,2,226,2262.66455152537,2262.66455152537,,,,1809.0,152.594
404,2,227,2272.66455152537,2272.66455152537,,,,1806.0,152.307
405,2,228,2282.66455152537,2282.66455152537,,,,1786.0,152.03
406,2,229,2292.66455152537,2292.66455152537,,,,1765.0,151.773
407,2,230,2302.66455152537,2302.66455152537,,,,1754.0,151.52
408,2,231,2312.66455152537,2312.66455152537,,,,1750.0,151.233
409,2,232,2322.66455152537,2322.66455152537,,,,1747.0,150.953
410,2,233,2332.66455152537,2332.66455152537,,,,1764.0,150.684
411,2,234,2342.66455152537,2342.66455152537,,,,1761.0,150.519
412,2,235,2352.66455152537,2352.66455152537,,,,1731.0,150.3
413,2,236,2362.66455152537,2362.66455152537,,,,1698.0,150.016
414,2,237,2372.66455152537,2372.66455152537,,,,1660.0,149.719
415,2,238,2382.66455152537,2382.66455152537,,,,1624.0,149.437
416,2,239,2392.66455152537,2392.66455152537,,,,1609.0,149.187
417,2,240,2402.66455152537,2402.66455152537,,,,1603.0,148.942
418,2,241,2412.66455152537,2412.66455152537,,,,1615.0,148.692
419,2,242,2422.66455152537,2422.66455152537,,,,1625.0,148.497
420,2,243,2432.66455152537,2432.66455152537,,,,1630.0,148.338
421,2,244,2442.66455152537,2442.66455152537,,,,1642.0,148.279
422,2,245,2452.66455152537,2452.66455152537,,,,1647.0,148.103
423,2,246,2462.66455152537,2462.66455152537,,,,1658.0,147.867
424,2,247,2472.66455152537,2472.66455152537,,,,1667.0,147.731
425,2,248,2482.66455152537,2482.66455152537,,,,1651.0,147.556
426,2,249,2492.66455152537,2492.66455152537,,,,1652.0,147.476
427,2,250,2502.66455152537,2502.66455152537,,,,1651.0,147.269
428,2,251,2512.66455152537,2512.66455152537,,,,1661.0,147.045
429,2,252,2522.66455152537,2522.66455152537,,,,1659.0,146.849
430,2,253,2532.66455152537,2532.66455152537,,,,1670.0,146.685
431,2,254,2542.66455152537,2542.66455152537,,,,1686.0,146.656
432,2,255,2552.66455152537,2552.66455152537,,,,1699.0,146.524
433,2,256,2562.66455152537,2562.66455152537,,,,1715.0,146.498
434,2,257,2572.66455152537,2572.66455152537,,,,1737.0,146.291
435,2,258,2582.66455152537,2582.66455152537,,,,1751.0,146.272
436,2,259,2592.66455152537,2592.66455152537,,,,1763.0,146.109
438,2,261,2612.66455152537,2612.66455152537,,,,1778.0,146.002
439,2,262,2622.66455152537,2622.66455152537,,,,1792.0,146.001
440,2,263,2632.66455152537,2632.66455152537,,,,1794.0,145.91
441,2,264,2642.66455152537,2642.66455152537,,,,1809.0,145.699
442,2,265,2652.66455152537,2652.66455152537,,,,1826.0,145.571
443,2,266,2662.66455152537,2662.66455152537,,,,1833.0,145.45
444,2,267,2673.66455152537,2673.66455152537,,,,1837.0,145.219
445,2,268,2683.66455152537,2683.66455152537,,,,1860.0,145.04
446,2,269,2693.66455152537,2693.66455152537,,,,1869.0,145.01
447,2,270,2703.66455152537,2703.66455152537,,,,1895.0,144.916
448,2,271,2713.66455152537,2713.66455152537,,,,1907.0,144.786
449,2,272,2723.66455152537,2723.66455152537,,,,1930.0,144.748
450,2,273,2733.66455152537,2733.66455152537,,,,1944.0,144.555
451,2,274,2743.66455152537,2743.66455152537,,,,1934.0,144.346
452,2,275,2753.66455152537,2753.66455152537,,,,1906.0,144.171
453,2,276,2763.66455152537,2763.66455152537,,,,1896.0,143.939
454,2,277,2773.66455152537,2773.66455152537,,,,1886.0,143.674
455,2,278,2783.66455152537,2783.66455152537,,,,1886.0,143.425
456,2,279,2793.66455152537,2793.66455152537,,,,1908.0,143.175
457,2,280,2803.66455152537,2803.66455152537,,,,1921.0,143.119
458,2,281,2813.66455152537,2813.66455152537,,,,1940.0,143.01
459,2,282,2823.66455152537,2823.66455152537,,,,1927.0,142.789
460,2,283,2833.66455152537,2833.66455152537,,,,1903.0,142.535
461,2,284,2843.66455152537,2843.66455152537,,,,1884.0,142.258
462,2,285,2853.66455152537,2853.66455152537,,,,1899.0,142.02
463,2,286,2863.66455152537,2863.66455152537,,,,1925.0,141.899
464,2,287,2873.66455152537,2873.66455152537,,,,1933.0,141.776
465,2,288,2883.66455152537,2883.66455152537,,,,1941.0,141.74
466,2,289,2893.66455152537,2893.66455152537,,,,1952.0,141.537
467,2,290,2903.66455152537,2903.66455152537,,,,1941.0,141.297
468,2,291,2913.66455152537,2913.66455152537,,,,1938.0,141.045
469,2,292,2923.66455152537,2923.66455152537,,,,1924.0,140.79
470,2,293,2933.66455152537,2933.66455152537,,,,1893.0,140.539
471,2,294,2943.66455152537,2943.66455152537,,,,1864.0,140.29
472,2,295,2953.66455152537,2953.66455152537,,,,1846.0,140.049
473,2,296,2963.66455152537,2963.66455152537,,,,1818.0,139.813
474,2,297,2973.66455152537,2973.66455152537,,,,1791.0,139.521
475,2,298,2983.66455152537,2983.66455152537,,,,1764.0,139.253
476,2,299,2993.66455152537,2993.66455152537,,,,1739.0,139.02
477,2,300,3003.66455152537,3003.66455152537,,,,1697.0,138.808
478,2,301,3013.66455152537,3013.66455152537,,,,1660.0,138.584
479,2,302,3023.66455152537,3023.66455152537,,,,1645.0,138.317
480,2,303,3033.66455152537,3033.66455152537,,,,1612.0,138.095
481,2,304,3043.66455152537,3043.66455152537,,,,1568.0,137.817
482,2,305,3053.66455152537,3053.66455152537,,,,1548.0,137.516
483,2,306,3063.66455152537,3063.66455152537,,,,1551.0,137.24
484,2,307,3073.66455152537,3073.66455152537,,,,1590.0,137.036
485,2,308,3083.66455152537,3083.66455152537,,,,1640.0,136.931
486,2,309,3093.66455152537,3093.66455152537,,,,1708.0,136.868
487,2,310,3103.66455152537,3103.66455152537,,,,1763.0,136.71
489,2,312,3123.66455152537,3123.66455152537,,,,1885.0,136.567
491,2,314,3144.66455152537,3144.66455152537,,,,1959.0,136.424
492,2,315,3154.66455152537,3154.66455152537,,,,2010.0,136.393
493,2,316,3164.66455152537,3164.66455152537,,,,2045.0,136.311
494,2,317,3174.66455152537,3174.66455152537,,,,2080.0,136.266
495,2,318,3184.66455152537,3184.66455152537,,,,2092.0,136.089
497,2,320,3204.66455152537,3204.66455152537,,,,2144.0,135.981
498,2,321,3214.66455152537,3214.66455152537,,,,2190.0,135.796
499,2,322,3224.66455152537,3224.66455152537,,,,2234.0,135.733
500,2,323,3234.66455152537,3234.66455152537,,,,2280.0,135.63
501,2,324,3244.66455152537,3244.66455152537,,,,2324.0,135.55
502,2,325,3254.66455152537,3254.66455152537,,,,2350.0,135.534
503,2,326,3264.66455152537,3264.66455152537,,,,2385.0,135.36
504,2,327,3274.66455152537,3274.66455152537,,,,2403.0,135.179
505,2,328,3284.66455152537,3284.66455152537,,,,2404.0,135.068
506,2,329,3294.66455152537,3294.66455152537,,,,2398.0,134.847
507,2,330,3304.66455152537,3304.66455152537,,,,2413.0,134.603
508,2,331,3314.66455152537,3314.66455152537,,,,2434.0,134.358
509,2,332,3324.66455152537,3324.66455152537,,,,2430.0,134.102
510,2,333,3334.66455152537,3334.66455152537,,,,2418.0,133.837
511,2,334,3344.66455152537,3344.66455152537,,,,2404.0,133.557
512,2,335,3354.66455152537,3354.66455152537,,,,2409.0,133.299
513,2,336,3364.66455152537,3364.66455152537,,,,2397.0,133.042
514,2,337,3374.66455152537,3374.66455152537,,,,2371.0,132.759
515,2,338,3384.66455152537,3384.66455152537,,,,2356.0,132.497
516,2,339,3394.66455152537,3394.66455152537,,,,2334.0,132.219
517,2,340,3404.66455152537,3404.66455152537,,,,2324.0,131.901
518,2,341,3414.66455152537,3414.66455152537,,,,2328.0,131.623
519,2,342,3424.66455152537,3424.66455152537,,,,2343.0,131.331
520,2,343,3434.66455152537,3434.66455152537,,,,2340.0,131.045
521,2,344,3444.66455152537,3444.66455152537,,,,2319.0,130.765
522,2,345,3454.66455152537,3454.66455152537,,,,2293.0,130.471
523,2,346,3464.66455152537,3464.66455152537,,,,2288.0,130.182
524,2,347,3474.66455152537,3474.66455152537,,,,2278.0,129.928
525,2,348,3484.66455152537,3484.66455152537,,,,2268.0,129.68
526,2,349,3494.66455152537,3494.66455152537,,,,2256.0,129.432
527,2,350,3505.66455152537,3505.66455152537,,,,2231.0,129.16
528,2,351,3515.66455152537,3515.66455152537,,,,2206.0,128.875
529,2,352,3525.66455152537,3525.66455152537,,,,2229.0,128.617
530,2,353,3535.66455152537,3535.66455152537,,,,2258.0,128.387
531,2,354,3545.66455152537,3545.66455152537,,,,2256.0,128.223
532,2,355,3555.66455152537,3555.66455152537,,,,2252.0,128.01
533,2,356,3565.66455152537,3565.66455152537,,,,2219.0,127.821
534,2,357,3575.66455152537,3575.66455152537,,,,2229.0,127.552
535,2,358,3585.66455152537,3585.66455152537,,,,2218.0,127.298
536,2,359,3595.66455152537,3595.66455152537,,,,2193.0,127.019
537,2,360,3605.66455152537,3605.66455152537,,,,2174.0,126.716
538,2,361,3615.66455152537,3615.66455152537,,,,2156.0,126.429
539,2,362,3625.66455152537,3625.66455152537,,,,2156.0,126.142
540,2,363,3635.66455152537,3635.66455152537,,,,2132.0,125.869
541,2,364,3645.66455152537,3645.66455152537,,,,2130.0,125.604
542,2,365,3655.66455152537,3655.66455152537,,,,2119.0,125.311
543,2,366,3665.66455152537,3665.66455152537,,,,2099.0,125.025
544,2,367,3675.66455152537,3675.66455152537,,,,2084.0,124.729
545,2,368,3685.66455152537,3685.66455152537,,,,2083.0,124.44
546,2,369,3695.66455152537,3695.66455152537,,,,2082.0,124.177
547,2,370,3705.66455152537,3705.66455152537,,,,2093.0,123.903
548,2,371,3715.66455152537,3715.66455152537,,,,2108.0,123.66
549,2,372,3725.66455152537,3725.66455152537,,,,2120.0,123.573
550,2,373,3735.66455152537,3735.66455152537,,,,2137.0,123.402
551,2,374,3745.66455152537,3745.66455152537,,,,2140.0,123.168
552,2,375,3755.66455152537,3755.66455152537,,,,2127.0,122.952
553,2,376,3765.66455152537,3765.66455152537,,,,2120.0,122.693
554,2,377,3775.66455152537,3775.66455152537,,,,2141.0,122.414
555,2,378,3785.66455152537,3785.66455152537,,,,2154.0,122.157
556,2,379,3795.66455152537,3795.66455152537,,,,2183.0,121.898
557,2,380,3805.66455152537,3805.66455152537,,,,2206.0,121.77
558,2,381,3815.66455152537,3815.66455152537,,,,2218.0,121.755
559,2,382,3825.66455152537,3825.66455152537,,,,2236.0,121.497
560,2,383,3835.66455152537,3835.66455152537,,,,2234.0,121.209
561,2,384,3845.66455152537,3845.66455152537,,,,2248.0,120.974
562,2,385,3855.66455152537,3855.66455152537,,,,2269.0,120.743
563,2,386,3865.66455152537,3865.66455152537,,,,2273.0,120.49
564,2,387,3875.66455152537,3875.66455152537,,,,2262.0,120.238
565,2,388,3885.66455152537,3885.66455152537,,,,2240.0,119.96
566,2,389,3895.66455152537,3895.66455152537,,,,2232.0,119.716
567,2,390,3905.66455152537,3905.66455152537,,,,2200.0,119.482
568,2,391,3915.66455152537,3915.66455152537,,,,2173.0,119.27
569,2,392,3925.66455152537,3925.66455152537,,,,2130.0,119.046
570,2,393,3935.66455152537,3935.66455152537,,,,2115.0,118.748
571,2,394,3945.66455152537,3945.66455152537,,,,2114.0,118.521
572,2,395,3956.66455152537,3956.66455152537,,,,2088.0,118.319
573,2,396,3966.66455152537,3966.66455152537,,,,2074.0,118.08
574,2,397,3976.66455152537,3976.66455152537,,,,2037.0,117.833
575,2,398,3986.66455152537,3986.66455152537,,,,2007.0,117.578
576,2,399,3996.66455152537,3996.66455152537,,,,1984.0,117.321
577,2,400,4006.66455152537,4006.66455152537,,,,1966.0,117.059
578,2,401,4016.66455152537,4016.66455152537,,,,1955.0,116.811
579,2,402,4026.66455152537,4026.66455152537,,,,1937.0,116.583
580,2,403,4036.66455152537,4036.66455152537,,,,1913.0,116.345
581,2,404,4046.66455152537,4046.66455152537,,,,1916.0,116.115
582,2,405,4056.66455152537,4056.66455152537,,,,1890.0,115.91
583,2,406,4066.66455152537,4066.66455152537,,,,1864.0,115.657
584,2,407,4076.66455152537,4076.66455152537,,,,1831.0,115.437
585,2,408,4086.66455152537,4086.66455152537,,,,1794.0,115.252
586,2,409,4096.66455152537,4096.66455152537,,,,1774.0,115.043
587,2,410,4106.66455152537,4106.66455152537,,,,1760.0,114.834
588,2,411,4116.66455152537,4116.66455152537,,,,1765.0,114.616
589,2,412,4126.66455152537,4126.66455152537,,,,1762.0,114.45
590,2,413,4136.66455152537,4136.66455152537,,,,1752.0,114.29
591,2,414,4146.66455152537,4146.66455152537,,,,1745.0,114.064
592,2,415,4156.66455152537,4156.66455152537,,,,1742.0,113.873
593,2,416,4166.66455152537,4166.66455152537,,,,1736.0,113.685
594,2,417,4176.66455152537,4176.66455152537,,,,1728.0,113.442
595,2,418,4186.66455152537,4186.66455152537,,,,1707.0,113.275
596,2,419,4196.66455152537,4196.66455152537,,,,1678.0,113.086
597,2,420,4206.66455152537,4206.66455152537,,,,1650.0,112.873
598,2,421,4216.66455152537,4216.66455152537,,,,1620.0,112.634
599,2,422,4226.66455152537,4226.66455152537,,,,1591.0,112.432
600,2,423,4236.66455152537,4236.66455152537,,,,1577.0,112.239
601,2,424,4246.66455152537,4246.66455152537,,,,1550.0,112.041
602,2,425,4257.66455152537,4257.66455152537,,,,1547.0,111.875
603,2,426,4267.66455152537,4267.66455152537,,,,1535.0,111.647
604,2,427,4277.66455152537,4277.66455152537,,,,1527.0,111.464
605,2,428,4287.66455152537,4287.66455152537,,,,1527.0,111.328
606,2,429,4297.66455152537,4297.66455152537,,,,1541.0,111.207
607,2,430,4307.66455152537,4307.66455152537,,,,1534.0,110.968
608,2,431,4317.66455152537,4317.66455152537,,,,1509.0,110.77
609,2,432,4327.66455152537,4327.66455152537,,,,1496.0,110.568
610,2,433,4337.66455152537,4337.66455152537,,,,1474.0,110.413
611,2,434,4347.66455152537,4347.66455152537,,,,1444.0,110.268
612,2,435,4357.66455152537,4357.66455152537,,,,1439.0,110.022
613,2,436,4367.66455152537,4367.66455152537,,,,1471.0,109.876
614,2,437,4377.66455152537,4377.66455152537,,,,1496.0,109.76
615,2,438,4387.66455152537,4387.66455152537,,,,1531.0,109.711
616,2,439,4397.66455152537,4397.66455152537,,,,1552.0,109.547
617,2,440,4407.66455152537,4407.66455152537,,,,1573.0,109.506
618,2,441,4417.66455152537,4417.66455152537,,,,1611.0,109.429
619,2,442,4427.66455152537,4427.66455152537,,,,1634.0,109.306
620,2,443,4437.66455152537,4437.66455152537,,,,1658.0,109.287
621,2,444,4447.66455152537,4447.66455152537,,,,1692.0,109.12
622,2,445,4457.66455152537,4457.66455152537,,,,1709.0,109.09
623,2,446,4467.66455152537,4467.66455152537,,,,1734.0,108.936
624,2,447,4477.66455152537,4477.66455152537,,,,1747.0,108.883
625,2,448,4487.66455152537,4487.66455152537,,,,1761.0,108.808
626,2,449,4497.66455152537,4497.66455152537,,,,1745.0,108.764
627,2,450,4507.66455152537,4507.66455152537,,,,1755.0,108.529
628,2,451,4517.66455152537,4517.66455152537,,,,1761.0,108.322
630,2,453,4537.66455152537,4537.66455152537,,,,1796.0,108.143
631,2,454,4547.66455152537,4547.66455152537,,,,1811.0,108.046
632,2,455,4557.66455152537,4557.66455152537,,,,1819.0,107.938
633,2,456,4567.66455152537,4567.66455152537,,,,1816.0,107.716
634,2,457,4577.66455152537,4577.66455152537,,,,1823.0,107.529
635,2,458,4587.66455152537,4587.66455152537,,,,1843.0,107.328
636,2,459,4597.66455152537,4597.66455152537,,,,1840.0,107.098
637,2,460,4608.66455152537,4608.66455152537,,,,1820.0,106.867
638,2,461,4618.66455152537,4618.66455152537,,,,1792.0,106.622
639,2,462,4628.66455152537,4628.66455152537,,,,1759.0,106.363
640,2,463,4638.66455152537,4638.66455152537,,,,1728.0,106.095
641,2,464,4648.66455152537,4648.66455152537,,,,1710.0,105.814
642,2,465,4658.66455152537,4658.66455152537,,,,1704.0,105.542
643,2,466,4668.66455152537,4668.66455152537,,,,1703.0,105.29
644,2,467,4678.66455152537,4678.66455152537,,,,1695.0,105.042
645,2,468,4688.66455152537,4688.66455152537,,,,1676.0,104.791
646,2,469,4698.66455152537,4698.66455152537,,,,1635.0,104.55
647,2,470,4708.66455152537,4708.66455152537,,,,1601.0,104.376
648,2,471,4718.66455152537,4718.66455152537,,,,1579.0,104.133
649,2,472,4728.66455152537,4728.66455152537,,,,1591.0,103.929
650,2,473,4738.66455152537,4738.66455152537,,,,1595.0,103.751
651,2,474,4748.66455152537,4748.66455152537,,,,1610.0,103.572
652,2,475,4758.66455152537,4758.66455152537,,,,1622.0,103.536
653,2,476,4768.66455152537,4768.66455152537,,,,1638.0,103.303
654,2,477,4778.66455152537,4778.66455152537,,,,1658.0,103.141
655,2,478,4788.66455152537,4788.66455152537,,,,1669.0,103.136
657,2,480,4808.66455152537,4808.66455152537,,,,1702.0,102.987
658,2,481,4818.66455152537,4818.66455152537,,,,1716.0,102.964
659,2,482,4828.66455152537,4828.66455152537,,,,1729.0,102.819
660,2,483,4838.66455152537,4838.66455152537,,,,1752.0,102.73
661,2,484,4848.66455152537,4848.66455152537,,,,1759.0,102.558
662,2,485,4858.66455152537,4858.66455152537,,,,1778.0,102.556
663,2,486,4868.66455152537,4868.66455152537,,,,1774.0,102.536
664,2,487,4878.66455152537,4878.66455152537,,,,1790.0,102.341
665,2,488,4888.66455152537,4888.66455152537,,,,1806.0,102.298
666,2,489,4898.66455152537,4898.66455152537,,,,1826.0,102.128
667,2,490,4908.66455152537,4908.66455152537,,,,1848.0,102.043
668,2,491,4918.66455152537,4918.66455152537,,,,1870.0,101.886
669,2,492,4928.66455152537,4928.66455152537,,,,1888.0,101.806
670,2,493,4938.66455152537,4938.66455152537,,,,1915.0,101.73
671,2,494,4948.66455152537,4948.66455152537,,,,1932.0,101.539
672,2,495,4959.66455152537,4959.66455152537,,,,1956.0,101.507
673,2,496,4969.66455152537,4969.66455152537,,,,1973.0,101.365
674,2,497,4979.66455152537,4979.66455152537,,,,1997.0,101.25
675,2,498,4989.66455152537,4989.66455152537,,,,2006.0,101.136
676,2,499,4999.66455152537,4999.66455152537,,,,2023.0,101.081
677,2,500,5009.66455152537,5009.66455152537,,,,2047.0,101.027
678,2,501,5019.66455152537,5019.66455152537,,,,2065.0,100.927
679,2,502,5029.66455152537,5029.66455152537,,,,2082.0,100.8
680,2,503,5039.66455152537,5039.66455152537,,,,2105.0,100.721
681,2,504,5049.66455152537,5049.66455152537,,,,2130.0,100.55
682,2,505,5059.66455152537,5059.66455152537,,,,2147.0,100.517
683,2,506,5069.66455152537,5069.66455152537,,,,2157.0,100.316
684,2,507,5079.66455152537,5079.66455152537,,,,2153.0,100.095
685,2,508,5089.66455152537,5089.66455152537,,,,2148.0,99.854
686,2,509,5099.66455152537,5099.66455152537,,,,2143.0,99.615
687,2,510,5109.66455152537,5109.66455152537,,,,2138.0,99.328
688,2,511,5119.66455152537,5119.66455152537,,,,2139.0,99.042
689,2,512,5129.66455152537,5129.66455152537,,,,2154.0,98.785
690,2,513,5139.66455152537,5139.66455152537,,,,2160.0,98.558
691,2,514,5149.66455152537,5149.66455152537,,,,2165.0,98.329
692,2,515,5159.66455152537,5159.66455152537,,,,2155.0,98.13
693,2,516,5169.66455152537,5169.66455152537,,,,2148.0,97.905
694,2,517,5179.66455152537,5179.66455152537,,,,2110.0,97.668
695,2,518,5189.66455152537,5189.66455152537,,,,2089.0,97.413
696,2,519,5199.66455152537,5199.66455152537,,,,2055.0,97.154
697,2,520,5209.66455152537,5209.66455152537,,,,2022.0,96.91
698,2,521,5219.66455152537,5219.66455152537,,,,1998.0,96.695
699,2,522,5229.66455152537,5229.66455152537,,,,1970.0,96.532
700,2,523,5239.66455152537,5239.66455152537,,,,1946.0,96.364
701,2,524,5249.66455152537,5249.66455152537,,,,1920.0,96.209
702,2,525,5259.66455152537,5259.66455152537,,,,1903.0,96.092
703,2,526,5269.66455152537,5269.66455152537,,,,1894.0,95.912
704,2,527,5280.66455152537,5280.66455152537,,,,1884.0,95.678
705,2,528,5290.66455152537,5290.66455152537,,,,1864.0,95.492
706,2,529,5300.66455152537,5300.66455152537,,,,1874.0,95.266
707,2,530,5310.66455152537,5310.66455152537,,,,1890.0,95.125
708,2,531,5320.66455152537,5320.66455152537,,,,1903.0,94.902
709,2,532,5330.66455152537,5330.66455152537,,,,1909.0,94.718
710,2,533,5340.66455152537,5340.66455152537,,,,1930.0,94.602
711,2,534,5350.66455152537,5350.66455152537,,,,1970.0,94.495
712,2,535,5360.66455152537,5360.66455152537,,,,2005.0,94.371
713,2,536,5370.66455152537,5370.66455152537,,,,2045.0,94.352
714,2,537,5380.66455152537,5380.66455152537,,,,2085.0,94.192
715,2,538,5390.66455152537,5390.66455152537,,,,2124.0,94.082
716,2,539,5400.66455152537,5400.66455152537,,,,2168.0,94.024
717,2,540,5410.66455152537,5410.66455152537,,,,2209.0,93.85
718,2,541,5420.66455152537,5420.66455152537,,,,2256.0,93.847
719,2,542,5430.66455152537,5430.66455152537,,,,2294.0,93.705
720,2,543,5440.66455152537,5440.66455152537,,,,2337.0,93.618
721,2,544,5450.66455152537,5450.66455152537,,,,2373.0,93.555
722,2,545,5460.66455152537,5460.66455152537,,,,2420.0,93.455
724,2,547,5480.66455152537,5480.66455152537,,,,2488.0,93.377
725,2,548,5490.66455152537,5490.66455152537,,,,2529.0,93.191
726,2,549,5500.66455152537,5500.66455152537,,,,2557.0,93.139
727,2,550,5510.66455152537,5510.66455152537,,,,2583.0,93.078
728,2,551,5520.66455152537,5520.66455152537,,,,2626.0,92.891
729,2,552,5530.66455152537,5530.66455152537,,,,2648.0,92.704
730,2,553,5540.66455152537,5540.66455152537,,,,2647.0,92.496
731,2,554,5550.66455152537,5550.66455152537,,,,2646.0,92.261
732,2,555,5560.66455152537,5560.66455152537,,,,2630.0,92.034
733,2,556,5570.66455152537,5570.66455152537,,,,2608.0,91.824
734,2,557,5580.66455152537,5580.66455152537,,,,2591.0,91.659
738,3,4,5610.66455152537,5610.66455152537,,,,2570.0,91.479
739,3,5,5620.66455152537,5620.66455152537,,,,2558.0,91.317
740,3,6,5630.66455152537,5630.66455152537,,,,2533.0,91.09
741,3,7,5640.66455152537,5640.66455152537,,,,2523.0,90.869
742,3,8,5650.66455152537,5650.66455152537,,,,2518.0,90.622
743,3,9,5661.66455152537,5661.66455152537,,,,2497.0,90.362
744,3,10,5671.66455152537,5671.66455152537,,,,2485.0,90.094
745,3,11,5681.66455152537,5681.66455152537,,,,2463.0,89.845
746,3,12,5691.66455152537,5691.66455152537,,,,2441.0,89.591
747,3,13,5701.66455152537,5701.66455152537,,,,2417.0,89.34
748,3,14,5711.66455152537,5711.66455152537,,,,2403.0,89.083
749,3,15,5721.66455152537,5721.66455152537,,,,2397.0,88.835
750,3,16,5731.66455152537,5731.66455152537,,,,2378.0,88.578
751,3,17,5741.66455152537,5741.66455152537,,,,2356.0,88.322
752,3,18,5751.66455152537,5751.66455152537,,,,2337.0,88.086
753,3,19,5761.66455152537,5761.66455152537,,,,2315.0,87.881
754,3,20,5771.66455152537,5771.66455152537,,,,2294.0,87.663
755,3,21,5781.66455152537,5781.66455152537,,,,2285.0,87.459
756,3,22,5791.66455152537,5791.66455152537,,,,2280.0,87.275
757,3,23,5801.66455152537,5801.66455152537,,,,2266.0,87.117
758,3,24,5811.66455152537,5811.66455152537,,,,2247.0,86.927
759,3,25,5821.66455152537,5821.66455152537,,,,2245.0,86.718
760,3,26,5831.66455152537,5831.66455152537,,,,2255.0,86.653
761,3,27,5841.66455152537,5841.66455152537,,,,2279.0,86.436
763,3,29,5861.66455152537,5861.66455152537,,,,2315.0,86.355
765,3,31,5881.66455152537,5881.66455152537,,,,2355.0,86.21
766,3,32,5891.66455152537,5891.66455152537,,,,2358.0,86.087
767,3,33,5901.66455152537,5901.66455152537,,,,2357.0,85.874
768,3,34,5911.66455152537,5911.66455152537,,,,2345.0,85.672
769,3,35,5921.66455152537,5921.66455152537,,,,2337.0,85.494
770,3,36,5931.66455152537,5931.66455152537,,,,2325.0,85.29
771,3,37,5941.66455152537,5941.66455152537,,,,2314.0,85.057
772,3,38,5951.66455152537,5951.66455152537,,,,2296.0,84.81
773,3,39,5961.66455152537,5961.66455152537,,,,2279.0,84.578
774,3,40,5971.66455152537,5971.66455152537,,,,2263.0,84.357
775,3,41,5981.66455152537,5981.66455152537,,,,2249.0,84.118
776,3,42,5992.66455152537,5992.66455152537,,,,2242.0,83.871
777,3,43,6002.66455152537,6002.66455152537,,,,2246.0,83.632
778,3,44,6012.66455152537,6012.66455152537,,,,2253.0,83.404
779,3,45,6022.66455152537,6022.66455152537,,,,2241.0,83.179
780,3,46,6032.66455152537,6032.66455152537,,,,2200.0,82.936
781,3,47,6042.66455152537,6042.66455152537,,,,2178.0,82.667
782,3,48,6052.66455152537,6052.66455152537,,,,2148.0,82.423
783,3,49,6062.66455152537,6062.66455152537,,,,2140.0,82.174
784,3,50,6072.66455152537,6072.66455152537,,,,2127.0,81.93
785,3,51,6082.66455152537,6082.66455152537,,,,2109.0,81.686
786,3,52,6092.66455152537,6092.66455152537,,,,2081.0,81.44
787,3,53,6102.66455152537,6102.66455152537,,,,2057.0,81.191
788,3,54,6112.66455152537,6112.66455152537,,,,2024.0,80.947
789,3,55,6122.66455152537,6122.66455152537,,,,1992.0,80.675
790,3,56,6132.66455152537,6132.66455152537,,,,1974.0,80.418
791,3,57,6142.66455152537,6142.66455152537,,,,1944.0,80.164
792,3,58,6152.66455152537,6152.66455152537,,,,1912.0,79.892
793,3,59,6162.66455152537,6162.66455152537,,,,1879.0,79.627
794,3,60,6172.66455152537,6172.66455152537,,,,1860.0,79.338
795,3,61,6182.66455152537,6182.66455152537,,,,1830.0,79.079
796,3,62,6192.66455152537,6192.66455152537,,,,1800.0,78.822
797,3,63,6202.66455152537,6202.66455152537,,,,1773.0,78.55
798,3,64,6213.66455152537,6213.66455152537,,,,1742.0,78.276
799,3,65,6223.66455152537,6223.66455152537,,,,1727.0,78.013
800,3,66,6233.66455152537,6233.66455152537,,,,1748.0,77.776
801,3,67,6243.66455152537,6243.66455152537,,,,1779.0,77.612
802,3,68,6253.66455152537,6253.66455152537,,,,1807.0,77.583
803,3,69,6263.66455152537,6263.66455152537,,,,1839.0,77.547
804,3,70,6273.66455152537,6273.66455152537,,,,1876.0,77.448
805,3,71,6283.66455152537,6283.66455152537,,,,1907.0,77.446
806,3,72,6293.66455152537,6293.66455152537,,,,1935.0,77.306
807,3,73,6303.66455152537,6303.66455152537,,,,1954.0,77.278
808,3,74,6313.66455152537,6313.66455152537,,,,1967.0,77.142
809,3,75,6323.66455152537,6323.66455152537,,,,1991.0,76.958
811,3,77,6343.66455152537,6343.66455152537,,,,2060.0,76.899
812,3,78,6353.66455152537,6353.66455152537,,,,2096.0,76.819
813,3,79,6363.66455152537,6363.66455152537,,,,2125.0,76.749
814,3,80,6373.66455152537,6373.66455152537,,,,2159.0,76.727
815,3,81,6383.66455152537,6383.66455152537,,,,2180.0,76.622
816,3,82,6393.66455152537,6393.66455152537,,,,2210.0,76.601
817,3,83,6403.66455152537,6403.66455152537,,,,2225.0,76.521
819,3,85,6423.66455152537,6423.66455152537,,,,2256.0,76.351
820,3,86,6433.66455152537,6433.66455152537,,,,2271.0,76.151
821,3,87,6443.66455152537,6443.66455152537,,,,2283.0,75.946
822,3,88,6453.66455152537,6453.66455152537,,,,2299.0,75.767
823,3,89,6463.66455152537,6463.66455152537,,,,2313.0,75.563
824,3,90,6473.66455152537,6473.66455152537,,,,2320.0,75.359
825,3,91,6483.66455152537,6483.66455152537,,,,2316.0,75.133
826,3,92,6493.66455152537,6493.66455152537,,,,2302.0,74.911
827,3,93,6503.66455152537,6503.66455152537,,,,2278.0,74.682
828,3,94,6513.66455152537,6513.66455152537,,,,2255.0,74.458
829,3,95,6523.66455152537,6523.66455152537,,,,2231.0,74.236
830,3,96,6533.66455152537,6533.66455152537,,,,2210.0,74.001
831,3,97,6544.66455152537,6544.66455152537,,,,2191.0,73.766
832,3,98,6554.66455152537,6554.66455152537,,,,2173.0,73.544
833,3,99,6564.66455152537,6564.66455152537,,,,2151.0,73.327
834,3,100,6574.66455152537,6574.66455152537,,,,2140.0,73.114
835,3,101,6584.66455152537,6584.66455152537,,,,2127.0,72.955
836,3,102,6594.66455152537,6594.66455152537,,,,2100.0,72.772
837,3,103,6604.66455152537,6604.66455152537,,,,2075.0,72.575
838,3,104,6614.66455152537,6614.66455152537,,,,2086.0,72.489
839,3,105,6624.66455152537,6624.66455152537,,,,2087.0,72.331
840,3,106,6634.66455152537,6634.66455152537,,,,2061.0,72.131
841,3,107,6644.66455152537,6644.66455152537,,,,2051.0,71.942
842,3,108,6654.66455152537,6654.66455152537,,,,2063.0,71.774
843,3,109,6664.66455152537,6664.66455152537,,,,2035.0,71.562
844,3,110,6674.66455152537,6674.66455152537,,,,2009.0,71.37
845,3,111,6684.66455152537,6684.66455152537,,,,2014.0,71.279
846,3,112,6694.66455152537,6694.66455152537,,,,2036.0,71.201
847,3,113,6704.66455152537,6704.66455152537,,,,2046.0,71.081
848,3,114,6714.66455152537,6714.66455152537,,,,2055.0,71.066
849,3,115,6724.66455152537,6724.66455152537,,,,2047.0,70.863
850,3,116,6734.66455152537,6734.66455152537,,,,2012.0,70.657
851,3,117,6744.66455152537,6744.66455152537,,,,1986.0,70.432
852,3,118,6754.66455152537,6754.66455152537,,,,1963.0,70.207
853,3,119,6764.66455152537,6764.66455152537,,,,1936.0,69.957
854,3,120,6774.66455152537,6774.66455152537,,,,1907.0,69.749
855,3,121,6784.66455152537,6784.66455152537,,,,1883.0,69.542
856,3,122,6794.66455152537,6794.66455152537,,,,1850.0,69.315
857,3,123,6804.66455152537,6804.66455152537,,,,1825.0,69.101
858,3,124,6814.66455152537,6814.66455152537,,,,1795.0,68.884
859,3,125,6825.66455152537,6825.66455152537,,,,1772.0,68.658
860,3,126,6835.66455152537,6835.66455152537,,,,1749.0,68.482
861,3,127,6845.66455152537,6845.66455152537,,,,1720.0,68.275
862,3,128,6855.66455152537,6855.66455152537,,,,1691.0,68.049
863,3,129,6865.66455152537,6865.66455152537,,,,1665.0,67.836
864,3,130,6875.66455152537,6875.66455152537,,,,1627.0,67.589
865,3,131,6885.66455152537,6885.66455152537,,,,1591.0,67.344
866,3,132,6895.66455152537,6895.66455152537,,,,1579.0,67.091
867,3,133,6905.66455152537,6905.66455152537,,,,1562.0,66.888
868,3,134,6915.66455152537,6915.66455152537,,,,1550.0,66.696
869,3,135,6925.66455152537,6925.66455152537,,,,1572.0,66.46
870,3,136,6935.66455152537,6935.66455152537,,,,1590.0,66.456
871,3,137,6945.66455152537,6945.66455152537,,,,1605.0,66.321
873,3,139,6965.66455152537,6965.66455152537,,,,1660.0,66.286
874,3,140,6975.66455152537,6975.66455152537,,,,1682.0,66.259
875,3,141,6985.66455152537,6985.66455152537,,,,1706.0,66.25
876,3,142,6995.66455152537,6995.66455152537,,,,1733.0,66.121
878,3,144,7015.66455152537,7015.66455152537,,,,1779.0,66.082
880,3,146,7035.66455152537,7035.66455152537,,,,1833.0,65.999
881,3,147,7045.66455152537,7045.66455152537,,,,1857.0,65.873
882,3,148,7055.66455152537,7055.66455152537,,,,1875.0,65.821
883,3,149,7065.66455152537,7065.66455152537,,,,1893.0,65.694
884,3,150,7075.66455152537,7075.66455152537,,,,1903.0,65.589
885,3,151,7085.66455152537,7085.66455152537,,,,1923.0,65.58
887,3,153,7105.66455152537,7105.66455152537,,,,1949.0,65.428
888,3,154,7115.66455152537,7115.66455152537,,,,1957.0,65.366
889,3,155,7126.66455152537,7126.66455152537,,,,1969.0,65.26
890,3,156,7136.66455152537,7136.66455152537,,,,1983.0,65.061
891,3,157,7146.66455152537,7146.66455152537,,,,1982.0,65.008
892,3,158,7156.66455152537,7156.66455152537,,,,1981.0,64.933
893,3,159,7166.66455152537,7166.66455152537,,,,1977.0,64.757
894,3,160,7176.66455152537,7176.66455152537,,,,1953.0,64.536
895,3,161,7186.66455152537,7186.66455152537,,,,1933.0,64.335
896,3,162,7196.66455152537,7196.66455152537,,,,1912.0,64.14
897,3,163,7206.66455152537,7206.66455152537,,,,1889.0,63.934
898,3,164,7216.66455152537,7216.66455152537,,,,1865.0,63.713
899,3,165,7226.66455152537,7226.66455152537,,,,1839.0,63.489
900,3,166,7236.66455152537,7236.66455152537,,,,1816.0,63.253
901,3,167,7246.66455152537,7246.66455152537,,,,1789.0,63.02
902,3,168,7256.66455152537,7256.66455152537,,,,1760.0,62.807
903,3,169,7266.66455152537,7266.66455152537,,,,1732.0,62.588
904,3,170,7276.66455152537,7276.66455152537,,,,1702.0,62.362
905,3,171,7286.66455152537,7286.66455152537,,,,1668.0,62.143
906,3,172,7296.66455152537,7296.66455152537,,,,1630.0,61.927
907,3,173,7306.66455152537,7306.66455152537,,,,1602.0,61.725
908,3,174,7316.66455152537,7316.66455152537,,,,1571.0,61.496
909,3,175,7326.66455152537,7326.66455152537,,,,1553.0,61.282
910,3,176,7336.66455152537,7336.66455152537,,,,1537.0,61.07
911,3,177,7346.66455152537,7346.66455152537,,,,1531.0,60.837
912,3,178,7356.66455152537,7356.66455152537,,,,1543.0,60.598
913,3,179,7366.66455152537,7366.66455152537,,,,1560.0,60.371
915,3,181,7386.66455152537,7386.66455152537,,,,1578.0,60.311
916,3,182,7396.66455152537,7396.66455152537,,,,1608.0,60.125
917,3,183,7406.66455152537,7406.66455152537,,,,1631.0,60.08
918,3,184,7416.66455152537,7416.66455152537,,,,1655.0,60.005
919,3,185,7427.66455152537,7427.66455152537,,,,1672.0,59.907
920,3,186,7437.66455152537,7437.66455152537,,,,1702.0,59.78
921,3,187,7447.66455152537,7447.66455152537,,,,1731.0,59.648
922,3,188,7457.66455152537,7457.66455152537,,,,1748.0,59.628
923,3,189,7467.66455152537,7467.66455152537,,,,1767.0,59.472
926,3,192,7497.66455152537,7497.66455152537,,,,1805.0,59.405
927,3,193,7507.66455152537,7507.66455152537,,,,1812.0,59.32
928,3,194,7517.66455152537,7517.66455152537,,,,1834.0,59.191
929,3,195,7527.66455152537,7527.66455152537,,,,1851.0,59.081
930,3,196,7537.66455152537,7537.66455152537,,,,1863.0,58.989
931,3,197,7547.66455152537,7547.66455152537,,,,1861.0,58.859
932,3,198,7557.66455152537,7557.66455152537,,,,1851.0,58.663
933,3,199,7567.66455152537,7567.66455152537,,,,1829.0,58.45
934,3,200,7577.66455152537,7577.66455152537,,,,1807.0,58.226
935,3,201,7587.66455152537,7587.66455152537,,,,1773.0,58.004
936,3,202,7597.66455152537,7597.66455152537,,,,1732.0,57.778
937,3,203,7607.66455152537,7607.66455152537,,,,1696.0,57.537
938,3,204,7617.66455152537,7617.66455152537,,,,1644.0,57.304
939,3,205,7627.66455152537,7627.66455152537,,,,1615.0,57.085
940,3,206,7637.66455152537,7637.66455152537,,,,1579.0,56.877
941,3,207,7647.66455152537,7647.66455152537,,,,1543.0,56.657
942,3,208,7657.66455152537,7657.66455152537,,,,1522.0,56.425
943,3,209,7668.66455152537,7668.66455152537,,,,1509.0,56.192
944,3,210,7678.66455152537,7678.66455152537,,,,1521.0,55.972
945,3,211,7688.66455152537,7688.66455152537,,,,1537.0,55.787
946,3,212,7698.66455152537,7698.66455152537,,,,1555.0,55.605
947,3,213,7708.66455152537,7708.66455152537,,,,1601.0,55.542
948,3,214,7718.66455152537,7718.66455152537,,,,1652.0,55.475
949,3,215,7728.66455152537,7728.66455152537,,,,1696.0,55.397
950,3,216,7738.66455152537,7738.66455152537,,,,1744.0,55.372
951,3,217,7748.66455152537,7748.66455152537,,,,1784.0,55.329
952,3,218,7758.66455152537,7758.66455152537,,,,1834.0,55.259
955,3,221,7788.66455152537,7788.66455152537,,,,1963.0,55.242
957,3,223,7808.66455152537,7808.66455152537,,,,2030.0,55.108
958,3,224,7818.66455152537,7818.66455152537,,,,2058.0,55.052
959,3,225,7828.66455152537,7828.66455152537,,,,2089.0,55.013
960,3,226,7838.66455152537,7838.66455152537,,,,2114.0,54.936
961,3,227,7848.66455152537,7848.66455152537,,,,2154.0,54.917
962,3,228,7858.66455152537,7858.66455152537,,,,2184.0,54.85
963,3,229,7868.66455152537,7868.66455152537,,,,2210.0,54.769
964,3,230,7878.66455152537,7878.66455152537,,,,2237.0,54.745
965,3,231,7888.66455152537,7888.66455152537,,,,2253.0,54.72
966,3,232,7898.66455152537,7898.66455152537,,,,2281.0,54.591
967,3,233,7908.66455152537,7908.66455152537,,,,2311.0,54.547
968,3,234,7918.66455152537,7918.66455152537,,,,2340.0,54.514
969,3,235,7928.66455152537,7928.66455152537,,,,2371.0,54.504
970,3,236,7938.66455152537,7938.66455152537,,,,2404.0,54.447
972,3,238,7958.66455152537,7958.66455152537,,,,2464.0,54.39
973,3,239,7968.66455152537,7968.66455152537,,,,2486.0,54.374
974,3,240,7978.66455152537,7978.66455152537,,,,2512.0,54.184
975,3,241,7988.66455152537,7988.66455152537,,,,2527.0,54.036
976,3,242,7998.66455152537,7998.66455152537,,,,2538.0,53.955
977,3,243,8008.66455152537,8008.66455152537,,,,2547.0,53.846
978,3,244,8018.66455152537,8018.66455152537,,,,2555.0,53.727
979,3,245,8028.66455152537,8028.66455152537,,,,2539.0,53.588
980,3,246,8038.66455152537,8038.66455152537,,,,2535.0,53.4
981,3,247,8048.66455152537,8048.66455152537,,,,2545.0,53.211
982,3,248,8058.66455152537,8058.66455152537,,,,2576.0,53.034
983,3,249,8068.66455152537,8068.66455152537,,,,2558.0,52.848
984,3,250,8078.66455152537,8078.66455152537,,,,2537.0,52.621
985,3,251,8089.66455152537,8089.66455152537,,,,2525.0,52.387
986,3,252,8099.66455152537,8099.66455152537,,,,2512.0,52.143
987,3,253,8109.66455152537,8109.66455152537,,,,2486.0,51.911
988,3,254,8119.66455152537,8119.66455152537,,,,2465.0,51.686
989,3,255,8129.66455152537,8129.66455152537,,,,2452.0,51.466
990,3,256,8139.66455152537,8139.66455152537,,,,2437.0,51.24
991,3,257,8149.66455152537,8149.66455152537,,,,2416.0,51.029
992,3,258,8159.66455152537,8159.66455152537,,,,2398.0,50.82
993,3,259,8169.66455152537,8169.66455152537,,,,2386.0,50.603
994,3,260,8179.66455152537,8179.66455152537,,,,2377.0,50.425
995,3,261,8189.66455152537,8189.66455152537,,,,2355.0,50.27
996,3,262,8199.66455152537,8199.66455152537,,,,2329.0,50.111
997,3,263,8209.66455152537,8209.66455152537,,,,2310.0,49.933
998,3,264,8219.66455152537,8219.66455152537,,,,2295.0,49.757
999,3,265,8229.66455152537,8229.66455152537,,,,2289.0,49.617
1000,3,266,8239.66455152537,8239.66455152537,,,,2279.0,49.477
1001,3,267,8249.66455152537,8249.66455152537,,,,2263.0,49.304
1002,3,268,8259.66455152537,8259.66455152537,,,,2256.0,49.116
1003,3,269,8269.66455152537,8269.66455152537,,,,2238.0,48.948
1004,3,270,8279.66455152537,8279.66455152537,,,,2216.0,48.783
1005,3,271,8289.66455152537,8289.66455152537,,,,2196.0,48.59
1006,3,272,8299.66455152537,8299.66455152537,,,,2185.0,48.387
1007,3,273,8309.66455152537,8309.66455152537,,,,2197.0,48.236
1008,3,274,8319.66455152537,8319.66455152537,,,,2211.0,48.059
1009,3,275,8329.66455152537,8329.66455152537,,,,2229.0,47.875
1010,3,276,8339.66455152537,8339.66455152537,,,,2259.0,47.762
1011,3,277,8349.66455152537,8349.66455152537,,,,2282.0,47.604
1013,3,279,8369.66455152537,8369.66455152537,,,,2321.0,47.483
1014,3,280,8379.66455152537,8379.66455152537,,,,2327.0,47.336
1015,3,281,8389.66455152537,8389.66455152537,,,,2328.0,47.156
1016,3,282,8399.66455152537,8399.66455152537,,,,2326.0,47.002
1017,3,283,8409.66455152537,8409.66455152537,,,,2327.0,46.817
1018,3,284,8419.66455152537,8419.66455152537,,,,2320.0,46.602
1019,3,285,8429.66455152537,8429.66455152537,,,,2316.0,46.39
1020,3,286,8440.66455152537,8440.66455152537,,,,2329.0,46.171
1021,3,287,8450.66455152537,8450.66455152537,,,,2343.0,46.014
1023,3,289,8470.66455152537,8470.66455152537,,,,2368.0,45.948
1024,3,290,8480.66455152537,8480.66455152537,,,,2371.0,45.89
1025,3,291,8490.66455152537,8490.66455152537,,,,2358.0,45.728
1026,3,292,8500.66455152537,8500.66455152537,,,,2336.0,45.546
1027,3,293,8510.66455152537,8510.66455152537,,,,2313.0,45.365
1028,3,294,8520.66455152537,8520.66455152537,,,,2297.0,45.182
1029,3,295,8530.66455152537,8530.66455152537,,,,2286.0,44.996
1030,3,296,8540.66455152537,8540.66455152537,,,,2291.0,44.802
1031,3,297,8550.66455152537,8550.66455152537,,,,2278.0,44.637
1032,3,298,8560.66455152537,8560.66455152537,,,,2251.0,44.507
1033,3,299,8570.66455152537,8570.66455152537,,,,2222.0,44.37
1034,3,300,8580.66455152537,8580.66455152537,,,,2191.0,44.241
1035,3,301,8590.66455152537,8590.66455152537,,,,2156.0,44.106
1036,3,302,8600.66455152537,8600.66455152537,,,,2134.0,43.922
1037,3,303,8610.66455152537,8610.66455152537,,,,2111.0,43.721
1038,3,304,8620.66455152537,8620.66455152537,,,,2084.0,43.527
1039,3,305,8630.66455152537,8630.66455152537,,,,2060.0,43.346
1040,3,306,8640.66455152537,8640.66455152537,,,,2040.0,43.173
1041,3,307,8650.66455152537,8650.66455152537,,,,2009.0,43.013
1042,3,308,8660.66455152537,8660.66455152537,,,,1978.0,42.847
1043,3,309,8670.66455152537,8670.66455152537,,,,1932.0,42.706
1044,3,310,8680.66455152537,8680.66455152537,,,,1913.0,42.528
1045,3,311,8691.66455152537,8691.66455152537,,,,1890.0,42.331
1046,3,312,8701.66455152537,8701.66455152537,,,,1859.0,42.14
1047,3,313,8711.66455152537,8711.66455152537,,,,1845.0,41.946
1048,3,314,8721.66455152537,8721.66455152537,,,,1843.0,41.734
1049,3,315,8731.66455152537,8731.66455152537,,,,1845.0,41.526
1050,3,316,8741.66455152537,8741.66455152537,,,,1834.0,41.298
1051,3,317,8751.66455152537,8751.66455152537,,,,1805.0,41.1
1052,3,318,8761.66455152537,8761.66455152537,,,,1773.0,40.913
1053,3,319,8771.66455152537,8771.66455152537,,,,1738.0,40.717
1054,3,320,8781.66455152537,8781.66455152537,,,,1712.0,40.604
1055,3,321,8791.66455152537,8791.66455152537,,,,1683.0,40.479
1056,3,322,8802.66455152537,8802.66455152537,,,,1676.0,40.4
1057,3,323,8812.66455152537,8812.66455152537,,,,1670.0,40.271
1058,3,324,8822.66455152537,8822.66455152537,,,,1652.0,40.155
1059,3,325,8832.66455152537,8832.66455152537,,,,1631.0,40.037
1060,3,326,8842.66455152537,8842.66455152537,,,,1613.0,39.875
1061,3,327,8852.66455152537,8852.66455152537,,,,1583.0,39.691
1062,3,328,8862.66455152537,8862.66455152537,,,,1547.0,39.497
1063,3,329,8872.66455152537,8872.66455152537,,,,1507.0,39.287
1064,3,330,8882.66455152537,8882.66455152537,,,,1461.0,39.086
1065,3,331,8892.66455152537,8892.66455152537,,,,1413.0,38.887
1066,3,332,8902.66455152537,8902.66455152537,,,,1374.0,38.704
1067,3,333,8912.66455152537,8912.66455152537,,,,1340.0,38.508
1068,3,334,8922.66455152537,8922.66455152537,,,,1300.0,38.311
1069,3,335,8932.66455152537,8932.66455152537,,,,1279.0,38.134
1070,3,336,8942.66455152537,8942.66455152537,,,,1256.0,37.943
1071,3,337,8952.66455152537,8952.66455152537,,,,1237.0,37.788
1072,3,338,8962.66455152537,8962.66455152537,,,,1224.0,37.611
1073,3,339,8972.66455152537,8972.66455152537,,,,1240.0,37.452
1074,3,340,8982.66455152537,8982.66455152537,,,,1248.0,37.394
1075,3,341,8992.66455152537,8992.66455152537,,,,1268.0,37.388
1077,3,343,9012.66455152537,9012.66455152537,,,,1319.0,37.32
1079,3,345,9032.66455152537,9032.66455152537,,,,1369.0,37.274
1081,3,347,9053.66455152537,9053.66455152537,,,,1421.0,37.211
1083,3,349,9073.66455152537,9073.66455152537,,,,1459.0,37.201
1119,3,385,9434.66455152537,9434.66455152537,,,,1866.0,37.124
1120,3,386,9444.66455152537,9444.66455152537,,,,1839.0,37.014
1121,3,387,9454.66455152537,9454.66455152537,,,,1862.0,36.944
1122,3,388,9464.66455152537,9464.66455152537,,,,1877.0,36.926
1125,3,391,9494.66455152537,9494.66455152537,,,,1932.0,36.823
1127,3,393,9514.66455152537,9514.66455152537,,,,1954.0,36.816
1128,3,394,9524.66455152537,9524.66455152537,,,,1978.0,36.679
1129,3,395,9534.66455152537,9534.66455152537,,,,2034.0,36.632
1147,3,413,9715.66455152537,9715.66455152537,,,,2787.0,36.623
1148,3,414,9725.66455152537,9725.66455152537,,,,2787.0,36.505
1149,3,415,9735.66455152537,9735.66455152537,,,,2779.0,36.388
1150,3,416,9745.66455152537,9745.66455152537,,,,2765.0,36.271
1151,3,417,9755.66455152537,9755.66455152537,,,,2753.0,36.166
1152,3,418,9765.66455152537,9765.66455152537,,,,2756.0,36.071
1153,3,419,9775.66455152537,9775.66455152537,,,,2767.0,35.954
1154,3,420,9785.66455152537,9785.66455152537,,,,2750.0,35.848
1155,3,421,9795.66455152537,9795.66455152537,,,,2744.0,35.746
1156,3,422,9805.66455152537,9805.66455152537,,,,2718.0,35.629
1157,3,423,9815.66455152537,9815.66455152537,,,,2722.0,35.496
1158,3,424,9825.66455152537,9825.66455152537,,,,2741.0,35.357
1159,3,425,9835.66455152537,9835.66455152537,,,,2765.0,35.226
1160,3,426,9845.66455152537,9845.66455152537,,,,2785.0,35.064
1161,3,427,9855.66455152537,9855.66455152537,,,,2785.0,34.92
1162,3,428,9865.66455152537,9865.66455152537,,,,2769.0,34.806
1163,3,429,9875.66455152537,9875.66455152537,,,,2751.0,34.668
1164,3,430,9885.66455152537,9885.66455152537,,,,2729.0,34.487
1165,3,431,9895.66455152537,9895.66455152537,,,,2713.0,34.32
1166,4,1,9904.66455152537,9904.66455152537,,,,2700.0,34.243
1168,4,3,9915.66455152537,9915.66455152537,,,,2692.0,34.202
1169,4,4,9925.66455152537,9925.66455152537,,,,2679.0,34.068
1170,4,5,9935.66455152537,9935.66455152537,,,,2669.0,33.926
1171,4,6,9945.66455152537,9945.66455152537,,,,2656.0,33.715
1172,4,7,9955.66455152537,9955.66455152537,,,,2634.0,33.476
1173,4,8,9965.66455152537,9965.66455152537,,,,2609.0,33.305
1174,4,9,9975.66455152537,9975.66455152537,,,,2593.0,33.089
1175,4,10,9985.66455152537,9985.66455152537,,,,2581.0,32.858
1176,4,11,9995.66455152537,9995.66455152537,,,,2568.0,32.667
1177,4,12,10005.66455152537,10005.66455152537,,,,2572.0,32.495
1178,4,13,10015.66455152537,10015.66455152537,,,,2569.0,32.285
1179,4,14,10025.66455152537,10025.66455152537,,,,2588.0,32.075
1180,4,15,10035.66455152537,10035.66455152537,,,,2600.0,31.816
1181,4,16,10045.66455152537,10045.66455152537,,,,2586.0,31.567
1182,4,17,10055.66455152537,10055.66455152537,,,,2566.0,31.308
1183,4,18,10065.66455152537,10065.66455152537,,,,2548.0,31.059
1184,4,19,10075.66455152537,10075.66455152537,,,,2540.0,30.793
1185,4,20,10085.66455152537,10085.66455152537,,,,2524.0,30.549
1186,4,21,10095.66455152537,10095.66455152537,,,,2505.0,30.293
1187,4,22,10105.66455152537,10105.66455152537,,,,2478.0,30.039
1188,4,23,10115.66455152537,10115.66455152537,,,,2465.0,29.765
1189,4,24,10125.66455152537,10125.66455152537,,,,2449.0,29.507
1190,4,25,10135.66455152537,10135.66455152537,,,,2440.0,29.229
1191,4,26,10145.66455152537,10145.66455152537,,,,2419.0,28.971
1192,4,27,10155.66455152537,10155.66455152537,,,,2403.0,28.701
1193,4,28,10165.66455152537,10165.66455152537,,,,2404.0,28.434
1194,4,29,10175.66455152537,10175.66455152537,,,,2404.0,28.175
1195,4,30,10185.66455152537,10185.66455152537,,,,2427.0,27.915
1196,4,31,10195.66455152537,10195.66455152537,,,,2453.0,27.662
1197,4,32,10205.66455152537,10205.66455152537,,,,2458.0,27.398
1198,4,33,10215.66455152537,10215.66455152537,,,,2448.0,27.106
1199,4,34,10225.66455152537,10225.66455152537,,,,2457.0,26.795
1200,4,35,10235.66455152537,10235.66455152537,,,,2465.0,26.526
1201,4,36,10245.66455152537,10245.66455152537,,,,2466.0,26.238
1202,4,37,10255.66455152537,10255.66455152537,,,,2465.0,25.91
1203,4,38,10265.66455152537,10265.66455152537,,,,2473.0,25.625
1204,4,39,10275.66455152537,10275.66455152537,,,,2479.0,25.354
1205,4,40,10285.66455152537,10285.66455152537,,,,2487.0,25.062
1206,4,41,10295.66455152537,10295.66455152537,,,,2474.0,24.802
1207,4,42,10305.66455152537,10305.66455152537,,,,2454.0,24.516
1208,4,43,10316.66455152537,10316.66455152537,,,,2443.0,24.217
1209,4,44,10326.66455152537,10326.66455152537,,,,2438.0,23.905
1210,4,45,10336.66455152537,10336.66455152537,,,,2430.0,23.614
1211,4,46,10346.66455152537,10346.66455152537,,,,2441.0,23.331
1212,4,47,10356.66455152537,10356.66455152537,,,,2455.0,23.049
1213,4,48,10366.66455152537,10366.66455152537,,,,2443.0,22.789
1214,4,49,10376.66455152537,10376.66455152537,,,,2429.0,22.507
1215,4,50,10386.66455152537,10386.66455152537,,,,2419.0,22.229
1216,4,51,10396.66455152537,10396.66455152537,,,,2402.0,21.941
1217,4,52,10406.66455152537,10406.66455152537,,,,2378.0,21.647
1218,4,53,10416.66455152537,10416.66455152537,,,,2360.0,21.369
1219,4,54,10426.66455152537,10426.66455152537,,,,2344.0,21.076
1220,4,55,10436.66455152537,10436.66455152537,,,,2322.0,20.787
1221,4,56,10446.66455152537,10446.66455152537,,,,2296.0,20.51
1222,4,57,10456.66455152537,10456.66455152537,,,,2274.0,20.223
1223,4,58,10466.66455152537,10466.66455152537,,,,2264.0,19.927
1224,4,59,10476.66455152537,10476.66455152537,,,,2279.0,19.634
1225,4,60,10486.66455152537,10486.66455152537,,,,2309.0,19.318
1226,4,61,10496.66455152537,10496.66455152537,,,,2339.0,18.985
1227,4,62,10506.66455152537,10506.66455152537,,,,2349.0,18.688
1228,4,63,10516.66455152537,10516.66455152537,,,,2348.0,18.379
1229,4,64,10526.66455152537,10526.66455152537,,,,2373.0,18.067
1230,4,65,10536.66455152537,10536.66455152537,,,,2358.0,17.768
1231,4,66,10546.66455152537,10546.66455152537,,,,2347.0,17.461
1232,4,67,10556.66455152537,10556.66455152537,,,,2322.0,17.155
1233,4,68,10566.66455152537,10566.66455152537,,,,2296.0,16.841
1234,4,69,10576.66455152537,10576.66455152537,,,,2267.0,16.559
1235,4,70,10586.66455152537,10586.66455152537,,,,2256.0,16.227
1236,4,71,10596.66455152537,10596.66455152537,,,,2271.0,15.921
1237,4,72,10606.66455152537,10606.66455152537,,,,2291.0,15.623
1238,4,73,10616.66455152537,10616.66455152537,,,,2309.0,15.358
1239,4,74,10626.66455152537,10626.66455152537,,,,2306.0,15.031
1240,4,75,10636.66455152537,10636.66455152537,,,,2309.0,14.708
1241,4,76,10646.66455152537,10646.66455152537,,,,2311.0,14.371
1242,4,77,10656.66455152537,10656.66455152537,,,,2316.0,14.048
1243,4,78,10666.66455152537,10666.66455152537,,,,2323.0,13.737
1244,4,79,10676.66455152537,10676.66455152537,,,,2326.0,13.43
1245,4,80,10687.66455152537,10687.66455152537,,,,2314.0,13.111
1246,4,81,10697.66455152537,10697.66455152537,,,,2295.0,12.786
1247,4,82,10707.66455152537,10707.66455152537,,,,2271.0,12.471
1248,4,83,10717.66455152537,10717.66455152537,,,,2207.0,12.183
1249,4,84,10727.66455152537,10727.66455152537,,,,2175.0,11.905
1250,4,85,10737.66455152537,10737.66455152537,,,,2159.0,11.634
1251,4,86,10747.66455152537,10747.66455152537,,,,2146.0,11.347
1252,4,87,10757.66455152537,10757.66455152537,,,,2147.0,11.063
1253,4,88,10767.66455152537,10767.66455152537,,,,2135.0,10.803
1254,4,89,10777.66455152537,10777.66455152537,,,,2107.0,10.535
1255,4,90,10787.66455152537,10787.66455152537,,,,2080.0,10.252
1256,4,91,10797.66455152537,10797.66455152537,,,,2058.0,9.973
1257,4,92,10807.66455152537,10807.66455152537,,,,2033.0,9.701
1258,4,93,10817.66455152537,10817.66455152537,,,,2008.0,9.41
1259,4,94,10827.66455152537,10827.66455152537,,,,1986.0,9.102
1260,4,95,10837.66455152537,10837.66455152537,,,,1962.0,8.792
1261,4,96,10847.66455152537,10847.66455152537,,,,1934.0,8.483
1262,4,97,10857.66455152537,10857.66455152537,,,,1909.0,8.165
1263,4,98,10867.66455152537,10867.66455152537,,,,1880.0,7.862
1264,4,99,10877.66455152537,10877.66455152537,,,,1840.0,7.536
1265,4,100,10887.66455152537,10887.66455152537,,,,1802.0,7.182
1266,4,101,10897.66455152537,10897.66455152537,,,,1768.0,6.831
1267,4,102,10907.66455152537,10907.66455152537,,,,1730.0,6.495
1268,4,103,10917.66455152537,10917.66455152537,,,,1692.0,6.148
1269,4,104,10927.66455152537,10927.66455152537,,,,1660.0,5.785
1270,4,105,10937.66455152537,10937.66455152537,,,,1624.0,5.424
1271,4,106,10947.66455152537,10947.66455152537,,,,1588.0,5.083
1272,4,107,10957.66455152537,10957.66455152537,,,,1553.0,4.749
1273,4,108,10967.66455152537,10967.66455152537,,,,1506.0,4.432
1274,4,109,10977.66455152537,10977.66455152537,,,,1467.0,4.107
1275,4,110,10987.66455152537,10987.66455152537,,,,1428.0,3.748
1276,4,111,10997.66455152537,10997.66455152537,,,,1390.0,3.448
1277,4,112,11007.66455152537,11007.66455152537,,,,1362.0,3.114
1278,4,113,11017.66455152537,11017.66455152537,,,,1331.0,2.75
1279,4,114,11027.66455152537,11027.66455152537,,,,1308.0,2.414
1280,4,115,11037.66455152537,11037.66455152537,,,,1297.0,2.093
1281,4,116,11047.66455152537,11047.66455152537,,,,1290.0,1.785
1282,4,117,11057.66455152537,11057.66455152537,,,,1286.0,1.492
1283,4,118,11067.66455152537,11067.66455152537,,,,1273.0,1.218
1284,4,119,11078.66455152537,11078.66455152537,,,,1259.0,0.947
1285,4,120,11088.66455152537,11088.66455152537,,,,1242.0,0.666
1286,4,121,11098.66455152537,11098.66455152537,,,,1235.0,0.361
1287,4,122,11108.66455152537,11108.66455152537,,,,1229.0,6.2e-2
0,5,1286,11110.81349026306,11110.81349026306,,,,1228.57,0.0
