leg,tickLead,tickRace,distance,area
0,-592.0,-592.0,250.426,0.0
0,-401.0,-401.0,250.274,0.0
0,-391.0,-391.0,250.117,0.0
0,-381.0,-381.0,249.958,0.0
0,-371.0,-371.0,249.842,0.0
0,-361.0,-361.0,249.743,0.0
0,-351.0,-351.0,249.695,0.0
0,-341.0,-341.0,249.674,0.0
0,-331.0,-331.0,249.589,0.0
0,-321.0,-321.0,249.473,0.0
0,-311.0,-311.0,249.331,0.0
0,-301.0,-301.0,249.188,0.0
0,-291.0,-291.0,249.157,0.0
0,-260.0,-260.0,249.143,0.0
0,-240.0,-240.0,249.125,0.0
0,-230.0,-230.0,249.017,0.0
0,-170.0,-170.0,248.996,0.0
0,-110.0,-110.0,248.984,0.0
0,-89.0,-89.0,248.957,0.0
0,-59.0,-59.0,248.892,0.0
0,-39.0,-39.0,248.842,0.0
0,-19.0,-19.0,248.836,0.0
1,348.0,348.0,248.829,0.0
1,358.0,358.0,248.679,0.0
1,368.0,368.0,248.54,0.0
1,379.0,379.0,248.494,0.0
1,409.0,409.0,248.475,0.0
1,419.0,419.0,248.308,0.0
1,429.0,429.0,248.122,0.0
1,439.0,439.0,247.959,0.0
1,449.0,449.0,247.788,0.0
1,459.0,459.0,247.612,0.0
1,469.0,469.0,247.518,0.0
1,499.0,499.0,247.453,0.0
1,559.0,559.0,247.432,0.0
1,599.0,599.0,247.409,0.0
1,629.0,629.0,247.313,0.0
1,669.0,669.0,247.255,0.0
1,690.0,690.0,247.229,0.0
1,720.0,720.0,247.223,0.0
1,830.0,830.0,247.114,0.0
1,840.0,840.0,246.969,0.0
1,850.0,850.0,246.839,0.0
1,860.0,860.0,246.655,0.0
1,870.0,870.0,246.465,0.0
1,880.0,880.0,246.301,0.0
1,890.0,890.0,246.12,0.0
1,900.0,900.0,245.941,0.0
1,910.0,910.0,245.78,0.0
1,931.0,931.0,245.778,0.0
1,961.0,961.0,245.642,0.0
1,971.0,971.0,245.59,0.0
1,1001.0,1001.0,245.574,0.0
1,1021.0,1021.0,245.563,0.0
1,1031.0,1031.0,245.557,0.0
1,1041.0,1041.0,245.556,0.0
1,1051.0,1051.0,245.524,0.0
1,1071.0,1071.0,245.47,0.0
1,1101.0,1101.0,245.375,0.0
1,1131.0,1131.0,245.348,0.0
1,1151.0,1151.0,245.332,0.0
1,1182.0,1182.0,245.246,0.0
1,1212.0,1212.0,245.232,0.0
1,1252.0,1252.0,245.22,0.0
2,1282.0,1282.0,245.117,5.740092826009252e-10
2,1292.0,1292.0,244.961,8.756918732081177e-10
2,1302.0,1302.0,244.806,8.762563980453287e-10
2,1312.0,1312.0,244.623,1.0417742626125858e-9
2,1322.0,1322.0,244.447,1.0088210758264105e-9
2,1332.0,1332.0,244.25,1.1368655964152166e-9
2,1342.0,1342.0,244.1,8.715131954873759e-10
2,1352.0,1352.0,243.916,1.0762857139215567e-9
2,1362.0,1362.0,243.739,1.0422263657783315e-9
2,1372.0,1372.0,243.551,1.1142905818734675e-9
2,1382.0,1382.0,243.508,2.5660024785686556e-10
2,1402.0,1402.0,243.436,4.3577120471824034e-10
2,1412.0,1412.0,243.334,6.215236703373417e-10
2,1422.0,1422.0,243.179,9.50658956421362e-10
2,1432.0,1432.0,242.987,1.1850258662153232e-9
2,1442.0,1442.0,242.82,1.0371569931124075e-9
2,1452.0,1452.0,242.628,1.1998019443470669e-9
2,1462.0,1462.0,242.427,1.263669245226475e-9
2,1473.0,1473.0,242.23,1.2468162758335128e-9
2,1483.0,1483.0,242.034,1.2478960427356628e-9
2,1493.0,1493.0,241.837,1.2616957153433332e-9
2,1503.0,1503.0,241.645,1.236914040754593e-9
2,1513.0,1513.0,241.452,1.2506321178867653e-9
2,1523.0,1523.0,241.254,1.290466666230385e-9
2,1533.0,1533.0,241.073,1.1864824090450481e-9
2,1543.0,1543.0,240.883,1.2526389695615474e-9
2,1553.0,1553.0,240.82,4.1782108874615963e-10
2,1593.0,1593.0,240.735,5.780688908757787e-10
2,1603.0,1603.0,240.538,1.3473804654478842e-9
2,1613.0,1613.0,240.339,1.3684232662007419e-9
2,1623.0,1623.0,240.112,1.569251233975591e-9
2,1633.0,1633.0,239.89,1.5426990293802733e-9
2,1643.0,1643.0,239.69,1.397100418068713e-9
2,1653.0,1653.0,239.501,1.3272181453006644e-9
2,1663.0,1663.0,239.295,1.4541492487853206e-9
2,1673.0,1673.0,239.129,1.1779205185209587e-9
2,1683.0,1683.0,238.938,1.3624019282979734e-9
2,1693.0,1693.0,238.742,1.4052354194345278e-9
2,1703.0,1703.0,238.54,1.4555933856833366e-9
2,1713.0,1713.0,238.38,1.1588357403142763e-9
2,1723.0,1723.0,238.249,9.537532618882287e-10
2,1743.0,1743.0,238.223,1.914287306320441e-10
2,1763.0,1763.0,238.209,1.0425101013013749e-10
2,1773.0,1773.0,238.206,2.2465413535079443e-11
2,1793.0,1793.0,238.182,1.8174034355770749e-10
2,1823.0,1823.0,238.132,3.8490098260349396e-10
2,1843.0,1843.0,238.119,1.011587812267827e-10
2,1903.0,1903.0,238.03,7.149417707971844e-10
2,1913.0,1913.0,237.951,6.377209414553208e-10
2,1923.0,1923.0,237.831,9.733466489689594e-10
2,1933.0,1933.0,237.694,1.1164127188366532e-9
2,1943.0,1943.0,237.672,1.8014515972893047e-10
2,1974.0,1974.0,237.62,4.3252378670597526e-10
2,1984.0,1984.0,237.561,4.931190118616784e-10
2,2014.0,2014.0,237.513,4.0715611954844795e-10
2,2054.0,2054.0,237.435,6.745903204727602e-10
2,2074.0,2074.0,237.347,7.682183380124721e-10
2,2084.0,2084.0,237.272,6.576625289131297e-10
2,2114.0,2114.0,237.179,8.269481843888238e-10
2,2124.0,2124.0,237.017,1.4465265637119537e-9
2,2134.0,2134.0,236.913,9.324830691195447e-10
2,2144.0,2144.0,236.775,1.242496718490511e-9
2,2154.0,2154.0,236.611,1.4825315930896181e-9
2,2164.0,2164.0,236.442,1.5337435954789379e-9
2,2174.0,2174.0,236.258,1.6763394486604416e-9
2,2184.0,2184.0,236.048,1.92041191416474e-9
2,2194.0,2194.0,235.854,1.7806934912793856e-9
2,2204.0,2204.0,235.648,1.8978476653911554e-9
2,2214.0,2214.0,235.464,1.701447708710518e-9
2,2224.0,2224.0,235.27,1.8005744385901908e-9
2,2234.0,2234.0,235.078,1.7885566456603837e-9
2,2244.0,2244.0,234.883,1.8231327110467714e-9
2,2254.0,2254.0,234.674,1.961044809055564e-9
2,2264.0,2264.0,234.456,2.0526982990784373e-9
2,2274.0,2274.0,234.235,2.0881820021192363e-9
2,2284.0,2284.0,234.013,2.1048638299962595e-9
2,2294.0,2294.0,233.797,2.0550181692950193e-9
2,2304.0,2304.0,233.589,1.9857314277134808e-9
2,2314.0,2314.0,233.387,1.9351217087906803e-9
2,2324.0,2324.0,233.188,1.9129766324093114e-9
2,2334.0,2334.0,233.003,1.7845777145903069e-9
2,2344.0,2344.0,232.811,1.8585334128767113e-9
2,2354.0,2354.0,232.617,1.8843418574751823e-9
2,2364.0,2364.0,232.448,1.6472018958385156e-9
2,2374.0,2374.0,232.276,1.6822992962673877e-9
2,2384.0,2384.0,232.117,1.5605871994898308e-9
2,2394.0,2394.0,231.961,1.536521796619448e-9
2,2404.0,2404.0,231.809,1.5023796879437529e-9
2,2415.0,2415.0,231.7,1.0816849930507815e-9
2,2425.0,2425.0,231.588,1.1155263084661099e-9
2,2505.0,2505.0,231.558,3.085644596124504e-10
2,2545.0,2545.0,231.546,1.2538528315622238e-10
2,2615.0,2615.0,231.53,1.717682730363149e-10
2,2625.0,2625.0,231.391,1.4974419337519617e-9
2,2635.0,2635.0,231.212,1.934376892302138e-9
2,2645.0,2645.0,231.04,1.8643692115036165e-9
2,2655.0,2655.0,230.835,2.228649859575637e-9
2,2665.0,2665.0,230.613,2.4203153545440207e-9
2,2675.0,2675.0,230.384,2.503550568565063e-9
2,2685.0,2685.0,230.152,2.543284003267437e-9
2,2695.0,2695.0,229.939,2.3414296363586652e-9
2,2705.0,2705.0,229.745,2.1385892885610367e-9
2,2715.0,2715.0,229.547,2.1888847989289205e-9
2,2725.0,2725.0,229.321,2.505311421662468e-9
2,2735.0,2735.0,229.092,2.5453572066051645e-9
2,2745.0,2745.0,228.86,2.585528289009128e-9
2,2755.0,2755.0,228.629,2.581149974772653e-9
2,2765.0,2765.0,228.402,2.5431129644835884e-9
2,2775.0,2775.0,228.166,2.6508152470570646e-9
2,2785.0,2785.0,227.942,2.5225507229680407e-9
2,2795.0,2795.0,227.714,2.5742620405922482e-9
2,2805.0,2805.0,227.49,2.535630422227736e-9
2,2815.0,2815.0,227.263,2.5761955713783354e-9
2,2825.0,2825.0,227.03,2.6509981115049378e-9
2,2835.0,2835.0,226.806,2.5550477716015126e-9
2,2845.0,2845.0,226.576,2.6301067801641394e-9
2,2855.0,2855.0,226.333,2.7856229845355295e-9
2,2865.0,2865.0,226.105,2.620098070980694e-9
2,2875.0,2875.0,225.876,2.6381076312882024e-9
2,2885.0,2885.0,225.672,2.3560196490257047e-9
2,2895.0,2895.0,225.464,2.408343265303196e-9
2,2905.0,2905.0,225.263,2.333215048313554e-9
2,2915.0,2915.0,225.06,2.3624233474903485e-9
2,2925.0,2925.0,224.849,2.4616823213968964e-9
2,2935.0,2935.0,224.628,2.5846804204922598e-9
2,2945.0,2945.0,224.421,2.426880422862124e-9
2,2955.0,2955.0,224.208,2.503360713605549e-9
2,2965.0,2965.0,223.989,2.58010130228872e-9
2,2975.0,2975.0,223.759,2.7161106651922947e-9
2,2985.0,2985.0,223.536,2.6396250563085115e-9
2,2995.0,2995.0,223.321,2.5509553219162564e-9
2,3005.0,3005.0,223.093,2.711540712585228e-9
2,3015.0,3015.0,222.896,2.3484249734729613e-9
2,3025.0,3025.0,222.682,2.557183492816473e-9
2,3035.0,3035.0,222.478,2.4434530392603415e-9
2,3045.0,3045.0,222.264,2.569260944660532e-9
2,3055.0,3055.0,222.048,2.599273677279986e-9
2,3065.0,3065.0,221.834,2.581135396264671e-9
2,3076.0,3076.0,221.629,2.479114485741026e-9
2,3086.0,3086.0,221.451,2.157729857950179e-9
2,3096.0,3096.0,221.305,1.7742600062573283e-9
2,3126.0,3126.0,221.232,8.952831718369606e-10
2,3166.0,3166.0,221.112,1.4898800250337401e-9
2,3236.0,3236.0,221.004,1.3698326099410916e-9
2,3246.0,3246.0,220.952,6.61347770090612e-10
2,3276.0,3276.0,220.853,1.270307067694093e-9
2,3286.0,3286.0,220.812,5.275254306267675e-10
2,3306.0,3306.0,220.772,5.176964296712388e-10
2,3366.0,3366.0,220.767,6.587978692357749e-11
2,3376.0,3376.0,220.685,1.0834248167134126e-9
2,3466.0,3466.0,220.538,1.9929804405161534e-9
2,3477.0,3477.0,220.364,2.3648032195442134e-9
2,3487.0,3487.0,220.191,2.3561188032241883e-9
2,3497.0,3497.0,220.108,1.1329752531232252e-9
2,3527.0,3527.0,220.017,1.2523389560319302e-9
2,3577.0,3577.0,219.973,6.139223197042245e-10
2,3607.0,3607.0,219.916,8.017945504520549e-10
2,3617.0,3617.0,219.907,1.2693107403338533e-10
2,3637.0,3637.0,219.891,2.2689009341657558e-10
2,3647.0,3647.0,219.859,4.5497820179981764e-10
2,3667.0,3667.0,219.835,3.430612701165871e-10
2,3677.0,3677.0,219.788,6.735516332019086e-10
2,3717.0,3717.0,219.664,1.7956624118024755e-9
2,3757.0,3757.0,219.649,2.19485335625297e-10
2,3787.0,3787.0,219.587,9.142899009462389e-10
2,3797.0,3797.0,219.483,1.537116204584778e-9
2,3807.0,3807.0,219.351,1.955041932153238e-9
2,3817.0,3817.0,219.197,2.285383121915577e-9
2,3827.0,3827.0,219.034,2.4235286750320497e-9
2,3837.0,3837.0,218.891,2.1302303870533038e-9
2,3847.0,3847.0,218.763,1.9105660587630752e-9
2,3857.0,3857.0,218.637,1.8845079019903127e-9
2,3867.0,3867.0,218.509,1.9182696282531216e-9
2,3897.0,3897.0,218.46,7.397349084981793e-10
2,3907.0,3907.0,218.328,1.997041274816026e-9
2,3937.0,3937.0,218.243,1.2952041408535946e-9
2,3947.0,3947.0,218.071,2.6259939541321327e-9
2,3957.0,3957.0,217.904,2.5541306453214275e-9
2,3967.0,3967.0,217.748,2.39015194858266e-9
2,3977.0,3977.0,217.595,2.348429827180344e-9
2,3987.0,3987.0,217.452,2.1989606179364994e-9
2,3997.0,3997.0,217.317,2.079818741008875e-9
2,4007.0,4007.0,217.163,2.3768887396591696e-9
2,4017.0,4017.0,216.994,2.612969522259792e-9
2,4027.0,4027.0,216.809,2.8651338078632703e-9
2,4037.0,4037.0,216.637,2.6682173016109773e-9
2,4048.0,4048.0,216.449,2.921941375134782e-9
2,4058.0,4058.0,216.263,2.895495713404444e-9
2,4068.0,4068.0,216.086,2.7598639241474055e-9
2,4078.0,4078.0,215.904,2.8424399808486764e-9
2,4088.0,4088.0,215.726,2.7844633878643716e-9
2,4098.0,4098.0,215.549,2.773310554239839e-9
2,4108.0,4108.0,215.357,3.0130976386326106e-9
2,4118.0,4118.0,215.226,2.059271065758205e-9
2,4138.0,4138.0,215.172,8.526160247512649e-10
2,4148.0,4148.0,215.077,1.5030769773666932e-9
2,4168.0,4168.0,215.015,9.853255953589898e-10
2,4188.0,4188.0,214.945,1.1174594367180908e-9
2,4208.0,4208.0,214.879,1.0583012968043907e-9
2,4228.0,4228.0,214.874,8.054209096529923e-11
2,4248.0,4248.0,214.821,8.576689309043872e-10
2,4258.0,4258.0,214.766,8.919047507077844e-10
2,4278.0,4278.0,214.76,9.774183504394005e-11
2,4308.0,4308.0,214.667,1.525270920084945e-9
2,4319.0,4319.0,214.594,1.1998487331187063e-9
2,4329.0,4329.0,214.504,1.4821275692777643e-9
2,4359.0,4359.0,214.459,7.459645974499371e-10
2,4369.0,4369.0,214.382,1.278992712955517e-9
2,4379.0,4379.0,214.348,5.658961461640552e-10
2,4389.0,4389.0,214.263,1.4175775261703055e-9
2,4399.0,4399.0,214.262,1.6712026888591496e-11
2,4429.0,4429.0,214.258,6.730320841755216e-11
2,4439.0,4439.0,214.178,1.3488389179766937e-9
2,4449.0,4449.0,214.018,2.7022404742390506e-9
2,4459.0,4459.0,213.864,2.604840948593474e-9
2,4469.0,4469.0,213.673,3.235313929375613e-9
2,4479.0,4479.0,213.477,3.324425038817173e-9
2,4489.0,4489.0,213.322,2.632714085041015e-9
2,4499.0,4499.0,213.172,2.5516386872765416e-9
2,4509.0,4509.0,213.045,2.1637830993115615e-9
2,4579.0,4579.0,212.924,2.092343616587409e-9
2,4630.0,4630.0,212.893,5.418320380525225e-10
2,4640.0,4640.0,212.769,2.1712185818595406e-9
2,4660.0,4660.0,212.753,2.8127226993101513e-10
2,4680.0,4680.0,212.732,3.707220364239488e-10
2,4700.0,4700.0,212.699,5.849785350353001e-10
2,4730.0,4730.0,212.685,2.497292007915251e-10
2,4760.0,4760.0,212.548,2.458405282309078e-9
2,4770.0,4770.0,212.53,3.2356274625015543e-10
2,4940.0,4940.0,212.474,1.0423342143325545e-9
2,4951.0,4951.0,212.453,3.916747261078293e-10
2,4961.0,4961.0,212.348,1.9617472689915504e-9
2,4971.0,4971.0,212.332,2.994501635644579e-10
2,4981.0,4981.0,212.253,1.4811780935467793e-9
2,4991.0,4991.0,212.231,4.132097647201795e-10
2,5011.0,5011.0,212.158,1.3762913541488125e-9
2,5101.0,5101.0,212.154,7.675375460229699e-11
2,5121.0,5121.0,212.148,1.1557931208025666e-10
2,5141.0,5141.0,212.115,6.381102231123975e-10
2,5151.0,5151.0,212.101,2.712099573009988e-10
2,5181.0,5181.0,212.093,1.5587163854513247e-10
2,5211.0,5211.0,212.078,2.9393567893501945e-10
2,5221.0,5221.0,211.933,2.845757041427394e-9
2,5231.0,5231.0,211.912,4.127718569696261e-10
2,5261.0,5261.0,211.841,1.403260939374006e-9
2,5311.0,5311.0,211.762,1.575656045235994e-9
2,5321.0,5321.0,211.65,2.2370384255907297e-9
2,5331.0,5331.0,211.588,1.2401780076928158e-9
2,5361.0,5361.0,211.581,1.4078509964970336e-10
2,5372.0,5372.0,211.456,2.5183922303400277e-9
2,5382.0,5382.0,211.361,1.9165437577137864e-9
2,5392.0,5392.0,211.202,3.2117185136130504e-9
2,5402.0,5402.0,210.999,4.104581425914372e-9
2,5412.0,5412.0,210.841,3.197876100979475e-9
2,5422.0,5422.0,210.699,2.8773033342524447e-9
2,5432.0,5432.0,210.517,3.6917731682038123e-9
2,5442.0,5442.0,210.336,3.6750778206771204e-9
2,5452.0,5452.0,210.24,1.9515090362636073e-9
2,5462.0,5462.0,210.109,2.666441194319396e-9
2,5472.0,5472.0,210.095,2.853864221221137e-10
2,5492.0,5492.0,210.063,6.546243326399439e-10
2,5512.0,5512.0,210.018,9.237485335225232e-10
2,5522.0,5522.0,209.986,6.57958962775119e-10
2,5532.0,5532.0,209.976,2.059639285265583e-10
2,5552.0,5552.0,209.936,8.267357820053966e-10
2,5572.0,5572.0,209.85,1.7833496865633228e-9
2,5582.0,5582.0,209.685,3.4256341112388235e-9
2,5592.0,5592.0,209.677,1.6632028660724057e-10
2,5612.0,5612.0,209.554,2.565518572523494e-9
2,5622.0,5622.0,209.355,4.154919451578711e-9
2,5632.0,5632.0,209.169,3.886824735622125e-9
2,5662.0,5662.0,209.107,1.3017377542768366e-9
2,5682.0,5682.0,208.951,3.285196613364947e-9
2,5692.0,5692.0,208.743,4.384150591900669e-9
2,5702.0,5702.0,208.526,4.577222962814626e-9
2,5712.0,5712.0,208.286,5.065690527801768e-9
2,5722.0,5722.0,208.043,5.132037139069828e-9
2,5732.0,5732.0,207.808,4.966046643347931e-9
2,5742.0,5742.0,207.581,4.80001989269395e-9
2,5752.0,5752.0,207.358,4.7185329980966474e-9
2,5762.0,5762.0,207.115,5.1448743446580035e-9
2,5772.0,5772.0,206.889,4.78782533957007e-9
2,5782.0,5782.0,206.667,4.7061350743187396e-9
2,5792.0,5792.0,206.437,4.8788199333855446e-9
2,5802.0,5802.0,206.203,4.966654008398787e-9
2,5812.0,5812.0,205.963,5.096922276241246e-9
2,5822.0,5822.0,205.735,4.844899865729842e-9
2,5832.0,5832.0,205.507,4.847846109189461e-9
2,5842.0,5842.0,205.3,4.404217248721014e-9
2,5852.0,5852.0,205.1,4.2583432492420985e-9
2,5863.0,5863.0,204.895,4.368690878403356e-9
2,5873.0,5873.0,204.713,3.8814931063991074e-9
2,5883.0,5883.0,204.506,4.417982423717177e-9
2,5893.0,5893.0,204.275,4.933306777446073e-9
2,5903.0,5903.0,204.062,4.551663216587292e-9
2,5913.0,5913.0,203.846,4.618732957007437e-9
2,5923.0,5923.0,203.653,4.129757866695459e-9
2,5933.0,5933.0,203.477,3.76893911318821e-9
2,5943.0,5943.0,203.332,3.1078731544442815e-9
2,5953.0,5953.0,203.168,3.5183519481685975e-9
2,5963.0,5963.0,203.028,3.0062665706638497e-9
2,5973.0,5973.0,202.889,2.9877451860401665e-9
2,5983.0,5983.0,202.712,3.807941662859504e-9
2,5993.0,5993.0,202.543,3.6388014936599385e-9
2,6003.0,6003.0,202.351,4.137232364102428e-9
2,6013.0,6013.0,202.181,3.665996170929199e-9
2,6023.0,6023.0,202.125,1.2089548357608244e-9
2,6073.0,6073.0,202.12,1.0882205992936736e-10
2,6083.0,6083.0,202.109,2.397932583639752e-10
2,6093.0,6093.0,202.056,1.157083630376196e-9
2,6113.0,6113.0,201.977,1.7298057063818375e-9
2,6133.0,6133.0,201.925,1.1419611049585278e-9
2,6153.0,6153.0,201.891,7.489422909908399e-10
2,6173.0,6173.0,201.87,4.640223927551769e-10
2,6193.0,6193.0,201.842,6.206257206822839e-10
2,6213.0,6213.0,201.812,6.670077329912647e-10
2,6223.0,6223.0,201.773,8.683572301119779e-10
2,6244.0,6244.0,201.741,7.147768530845067e-10
2,6264.0,6264.0,201.699,9.409769707960912e-10
2,6284.0,6284.0,201.691,1.7978369061182054e-10
2,6314.0,6314.0,201.638,1.1965721676744285e-9
2,6334.0,6334.0,201.623,3.396679272023257e-10
2,6354.0,6354.0,201.547,1.7260286952387059e-9
2,6364.0,6364.0,201.536,2.501591188448177e-10
2,6384.0,6384.0,201.475,1.391357116486469e-9
2,6404.0,6404.0,201.445,6.862627139112875e-10
2,6434.0,6434.0,201.417,6.434197572876632e-10
2,6454.0,6454.0,201.369,1.1062252459204184e-9
2,6505.0,6505.0,201.359,2.3225128546075957e-10
2,6515.0,6515.0,201.32,9.070620740440976e-10
2,6525.0,6525.0,201.253,1.5602671426961726e-9
2,6535.0,6535.0,201.089,3.822819657439146e-9
2,6545.0,6545.0,200.912,4.12865934535619e-9
2,6555.0,6555.0,200.724,4.38795513675777e-9
2,6565.0,6565.0,200.523,4.693983799209223e-9
2,6575.0,6575.0,200.33,4.509591513780388e-9
2,6585.0,6585.0,200.132,4.628937124233292e-9
2,6595.0,6595.0,199.931,4.701519533104118e-9
2,6605.0,6605.0,199.725,4.820869549756221e-9
2,6615.0,6615.0,199.5,5.267797797299209e-9
2,6625.0,6625.0,199.269,5.4102614383339334e-9
2,6635.0,6635.0,199.041,5.341902835632053e-9
2,6645.0,6645.0,198.803,5.578067369962669e-9
2,6655.0,6655.0,198.595,4.8768126519776576e-9
2,6665.0,6665.0,198.373,5.20724039541135e-9
2,6675.0,6675.0,198.177,4.599432988333262e-9
2,6685.0,6685.0,197.983,4.554836211553521e-9
2,6695.0,6695.0,197.768,5.0502172659491294e-9
2,6705.0,6705.0,197.569,4.6764718135630165e-9
2,6715.0,6715.0,197.399,3.997199729895668e-9
2,6725.0,6725.0,197.228,4.023223831609929e-9
2,6735.0,6735.0,197.064,3.860987661838413e-9
2,6745.0,6745.0,196.888,4.146072877349157e-9
2,6755.0,6755.0,196.718,4.007144327600287e-9
2,6765.0,6765.0,196.546,4.056761166267519e-9
2,6775.0,6775.0,196.429,2.7615892538518347e-9
2,6795.0,6795.0,196.417,2.839828038163336e-10
2,6805.0,6805.0,196.275,3.3640893948820097e-9
2,6815.0,6815.0,196.054,5.2385072019070424e-9
2,6825.0,6825.0,195.832,5.263981799933169e-9
2,6835.0,6835.0,195.609,5.289427810900641e-9
2,6845.0,6845.0,195.395,5.077704535199932e-9
2,6855.0,6855.0,195.184,5.008386125146988e-9
2,6865.0,6865.0,195.024,3.799755859561708e-9
2,6875.0,6875.0,194.97,1.2835813195186087e-9
2,6885.0,6885.0,194.911,1.4040643991460011e-9
2,6895.0,6895.0,194.88,7.386297091451959e-10
2,6905.0,6905.0,194.793,2.075306521216124e-9
2,6915.0,6915.0,194.734,1.4089019244737681e-9
2,6925.0,6925.0,194.659,1.7929500115611592e-9
2,6945.0,6945.0,194.554,2.516215810537869e-9
2,6965.0,6965.0,194.489,1.5614607899578495e-9
2,6976.0,6976.0,194.449,9.621567700611686e-10
2,6996.0,6996.0,194.376,1.7604587027951483e-9
2,7016.0,7016.0,194.304,1.7406572808326482e-9
2,7026.0,7026.0,194.271,7.987225413763386e-10
2,7046.0,7046.0,194.242,7.037934038251026e-10
2,7056.0,7056.0,194.078,3.983741770389794e-9
2,7066.0,7066.0,193.88,4.811965836393951e-9
2,7076.0,7076.0,193.655,5.4699111778151965e-9
2,7086.0,7086.0,193.43,5.471280850966419e-9
2,7096.0,7096.0,193.206,5.448323851836489e-9
2,7106.0,7106.0,193.014,4.671541287430803e-9
2,7116.0,7116.0,192.796,5.305971504863249e-9
2,7126.0,7126.0,192.588,5.064094871375371e-9
2,7136.0,7136.0,192.49,2.3874188841345006e-9
2,7156.0,7156.0,192.444,1.1233457236629473e-9
2,7176.0,7176.0,192.393,1.2486146515277283e-9
2,7186.0,7186.0,192.251,3.479633631449933e-9
2,7196.0,7196.0,192.074,4.339723471795791e-9
2,7206.0,7206.0,191.896,4.366269658912706e-9
2,7216.0,7216.0,191.681,5.27577836728251e-9
2,7226.0,7226.0,191.458,5.473412526999912e-9
2,7236.0,7236.0,191.24,5.351927782387264e-9
2,7246.0,7246.0,191.041,4.886896258072368e-9
2,7256.0,7256.0,190.821,5.404125148934613e-9
2,7266.0,7266.0,190.619,4.963316805733132e-9
2,7276.0,7276.0,190.394,5.529858295847992e-9
2,7286.0,7286.0,190.155,5.874848249931835e-9
2,7296.0,7296.0,189.924,5.678971381854426e-9
2,7306.0,7306.0,189.69,5.7535613204276385e-9
2,7316.0,7316.0,189.473,5.336522951926135e-9
2,7326.0,7326.0,189.238,5.780184439776539e-9
2,7336.0,7336.0,189.011,5.584212912664205e-9
2,7346.0,7346.0,188.794,5.339214383097359e-9
2,7356.0,7356.0,188.593,4.94679273063957e-9
2,7366.0,7366.0,188.397,4.825214412349117e-9
2,7376.0,7376.0,188.188,5.146704238023868e-9
2,7386.0,7386.0,187.962,5.566443544663984e-9
2,7396.0,7396.0,187.752,5.173358508183538e-9
2,7406.0,7406.0,187.523,5.642451358067539e-9
2,7416.0,7416.0,187.291,5.717056844500947e-9
2,7426.0,7426.0,187.042,6.136368147715401e-9
2,7436.0,7436.0,186.845,4.855623140510045e-9
2,7446.0,7446.0,186.639,5.0788016714772326e-9
2,7456.0,7456.0,186.42,5.400407554210802e-9
2,7466.0,7466.0,186.192,5.623137069888117e-9
2,7477.0,7477.0,185.964,5.624530200126459e-9
2,7487.0,7487.0,185.75,5.279946536971134e-9
2,7497.0,7497.0,185.528,5.478210316214132e-9
2,7507.0,7507.0,185.317,5.207632146733009e-9
2,7517.0,7517.0,185.104,5.257977867399059e-9
2,7527.0,7527.0,184.911,4.7653801938070315e-9
2,7537.0,7537.0,184.709,4.988894816459102e-9
2,7547.0,7547.0,184.505,5.039433028091055e-9
2,7557.0,7557.0,184.335,4.200832421327066e-9
2,7567.0,7567.0,184.175,3.955414436402482e-9
2,7577.0,7577.0,184.104,1.7564330132907696e-9
2,7597.0,7597.0,184.068,8.926770797750108e-10
2,7617.0,7617.0,183.987,2.0131711432233372e-9
2,7637.0,7637.0,183.969,4.484253800843338e-10
2,7657.0,7657.0,183.899,1.748025237041462e-9
2,7687.0,7687.0,183.892,1.7545066510970764e-10
2,7707.0,7707.0,183.804,2.2108329910353966e-9
2,7737.0,7737.0,183.715,2.2435791729590216e-9
2,7757.0,7757.0,183.666,1.2379570105700894e-9
2,7798.0,7798.0,183.64,6.602122855804928e-10
2,7808.0,7808.0,183.589,1.2964206824870847e-9
2,7818.0,7818.0,183.58,2.2903570047120568e-10
2,7828.0,7828.0,183.51,1.7832835815009414e-9
2,7848.0,7848.0,183.471,9.95786378753283e-10
2,7868.0,7868.0,183.412,1.5098818051299108e-9
2,7898.0,7898.0,183.293,3.0554833572779074e-9
2,7908.0,7908.0,183.178,2.954630076598378e-9
2,7918.0,7918.0,183.076,2.6223885851888733e-9
2,7928.0,7928.0,183.072,1.0293884693415833e-10
2,7938.0,7938.0,183.015,1.4684841300896119e-9
2,7948.0,7948.0,182.992,5.931630451968755e-10
2,7958.0,7958.0,182.942,1.2908497715664213e-9
2,7968.0,7968.0,182.903,1.0078828526549672e-9
2,7988.0,7988.0,182.808,2.46036015476094e-9
2,7998.0,7998.0,182.774,8.813412992099195e-10
2,8018.0,8018.0,182.69,2.1821718113891445e-9
2,8038.0,8038.0,182.672,4.686438078027329e-10
2,8048.0,8048.0,182.585,2.2672779701350384e-9
2,8068.0,8068.0,182.535,1.3057815163609996e-9
2,8088.0,8088.0,182.438,2.5384733852502378e-9
2,8098.0,8098.0,182.255,4.791321241418514e-9
2,8108.0,8108.0,182.09,4.321251052811199e-9
2,8118.0,8118.0,181.905,4.846354666639417e-9
2,8128.0,8128.0,181.727,4.664067123638553e-9
2,8138.0,8138.0,181.552,4.586643945292616e-9
2,8148.0,8148.0,181.348,5.3477014810119285e-9
2,8158.0,8158.0,181.149,5.2172325395163636e-9
2,8168.0,8168.0,180.965,4.824783919639426e-9
2,8178.0,8178.0,180.774,5.0092742270558785e-9
2,8188.0,8188.0,180.576,5.1936189583884975e-9
2,8198.0,8198.0,180.38,5.141824517653699e-9
2,8208.0,8208.0,180.169,5.535834508476197e-9
2,8218.0,8218.0,179.953,5.667200027847198e-9
2,8229.0,8229.0,179.723,6.0351123344217375e-9
2,8239.0,8239.0,179.492,6.060939465175951e-9
2,8249.0,8249.0,179.26,6.0867101284393665e-9
2,8259.0,8259.0,179.023,6.217288413526388e-9
2,8269.0,8269.0,178.786,6.216581022567365e-9
2,8279.0,8279.0,178.566,5.77026529245823e-9
2,8289.0,8289.0,178.328,6.241907717710954e-9
2,8299.0,8299.0,178.083,6.424538683207182e-9
2,8309.0,8309.0,177.867,5.663573063607417e-9
2,8319.0,8319.0,177.634,6.1089542426875875e-9
2,8329.0,8329.0,177.394,6.291666728816931e-9
2,8339.0,8339.0,177.173,5.793000426697463e-9
2,8349.0,8349.0,176.933,6.290396028522968e-9
2,8359.0,8359.0,176.695,6.237016992348436e-9
2,8369.0,8369.0,176.463,6.078964421284431e-9
2,8379.0,8379.0,176.222,6.313863989744515e-9
2,8389.0,8389.0,175.967,6.679210986561065e-9
2,8399.0,8399.0,175.712,6.677489252323258e-9
2,8409.0,8409.0,175.506,5.3937068476439045e-9
2,8419.0,8419.0,175.46,1.2049870716539273e-9
2,8429.0,8429.0,175.365,2.4905151800606785e-9
2,8439.0,8439.0,175.16,5.37604439060111e-9
2,8449.0,8449.0,174.945,5.638207868685511e-9
2,8459.0,8459.0,174.723,5.821392594437877e-9
2,8469.0,8469.0,174.526,5.165739843194656e-9
2,8479.0,8479.0,174.308,5.716351646774799e-9
2,8489.0,8489.0,174.102,5.4014873789944206e-9
2,8499.0,8499.0,173.868,6.135140176037093e-9
2,8509.0,8509.0,173.641,5.95071892949198e-9
2,8519.0,8519.0,173.409,6.080897066690584e-9
2,8529.0,8529.0,173.175,6.132273012669224e-9
2,8539.0,8539.0,172.911,6.916620889517732e-9
2,8549.0,8549.0,172.649,6.861816089234516e-9
2,8559.0,8559.0,172.433,5.655852620044224e-9
2,8569.0,8569.0,172.25,4.791815598856523e-9
2,8579.0,8579.0,172.055,5.106385626006631e-9
2,8589.0,8589.0,171.872,4.792465157141204e-9
2,8599.0,8599.0,171.744,3.352974856316211e-9
2,8639.0,8639.0,171.725,4.998084805321333e-10
2,8659.0,8659.0,171.708,4.4818537918081086e-10
2,8669.0,8669.0,171.555,4.0363277866943035e-9
2,8699.0,8699.0,171.48,1.9841204253544114e-9
2,8729.0,8729.0,171.345,3.5815395129399787e-9
2,8739.0,8739.0,171.253,2.4419310110873903e-9
2,8759.0,8759.0,171.225,7.44636356285957e-10
2,8779.0,8779.0,171.174,1.3590852930370718e-9
2,8800.0,8800.0,171.1,1.976001647385081e-9
2,8830.0,8830.0,171.052,1.285641918055809e-9
2,8850.0,8850.0,171.05,5.3681900120156004e-11
2,8860.0,8860.0,170.886,4.404751347175585e-9
2,8870.0,8870.0,170.829,1.5316569954105345e-9
2,8890.0,8890.0,170.783,1.2384877371974236e-9
2,8920.0,8920.0,170.651,3.564056266525743e-9
2,8960.0,8960.0,170.554,2.6290214576175846e-9
2,8970.0,8970.0,170.413,3.8231637907191e-9
2,8980.0,8980.0,170.299,3.092200300305364e-9
2,8990.0,8990.0,170.158,3.8259568928121125e-9
2,9000.0,9000.0,169.998,4.342498010244034e-9
2,9010.0,9010.0,169.825,4.69594134666689e-9
2,9020.0,9020.0,169.66,4.479299191948561e-9
2,9030.0,9030.0,169.455,5.56528759092382e-9
2,9040.0,9040.0,169.26,5.293421436758093e-9
2,9050.0,9050.0,169.083,4.804830166130197e-9
2,9060.0,9060.0,168.935,4.018174016817653e-9
2,9070.0,9070.0,168.778,4.2633768082790754e-9
2,9080.0,9080.0,168.615,4.426989796325993e-9
2,9090.0,9090.0,168.419,5.323443749874619e-9
2,9100.0,9100.0,168.208,5.73022657533374e-9
2,9110.0,9110.0,168.003,5.566512088939173e-9
2,9120.0,9120.0,167.773,6.244121220801734e-9
2,9130.0,9130.0,167.555,5.916925348281982e-9
2,9140.0,9140.0,167.328,6.159765154094957e-9
2,9150.0,9150.0,167.151,4.802442975331734e-9
2,9170.0,9170.0,167.08,1.929182940601651e-9
2,9180.0,9180.0,167.079,2.719536198950514e-11
2,9200.0,9200.0,166.962,3.1876634615751056e-9
2,9230.0,9230.0,166.9,1.6937892858071453e-9
2,9250.0,9250.0,166.841,1.614738898638085e-9
2,9270.0,9270.0,166.823,4.935834522967293e-10
2,9281.0,9281.0,166.732,2.4974834574505984e-9
2,9301.0,9301.0,166.727,1.3748049663460289e-10
2,9311.0,9311.0,166.571,4.2919300260714885e-9
2,9331.0,9331.0,166.538,9.093425145530391e-10
2,9341.0,9341.0,166.439,2.7298689762486675e-9
2,9351.0,9351.0,166.315,3.4205979184292822e-9
2,9361.0,9361.0,166.167,4.083674320475862e-9
2,9371.0,9371.0,165.979,5.187663694909072e-9
2,9381.0,9381.0,165.838,3.891041665413808e-9
2,9391.0,9391.0,165.666,4.747096504786994e-9
2,9401.0,9401.0,165.515,4.167881985257874e-9
2,9411.0,9411.0,165.359,4.3064758258651305e-9
2,9421.0,9421.0,165.201,4.3621780765748226e-9
2,9431.0,9431.0,165.048,4.224639808666948e-9
2,9441.0,9441.0,164.893,4.280406178940501e-9
2,9451.0,9451.0,164.726,4.612171756261168e-9
2,9461.0,9461.0,164.555,4.7227920665988855e-9
2,9471.0,9471.0,164.398,4.336390063802684e-9
2,9481.0,9481.0,164.223,4.833775857793651e-9
2,9491.0,9491.0,164.036,5.164986874772377e-9
2,9501.0,9501.0,163.849,5.1645379603006885e-9
2,9511.0,9511.0,163.642,5.716035227388793e-9
2,9521.0,9521.0,163.435,5.714811584993006e-9
2,9531.0,9531.0,163.238,5.4377211981269555e-9
2,9541.0,9541.0,163.027,5.822987244312458e-9
2,9551.0,9551.0,162.824,5.600966063545845e-9
2,9561.0,9561.0,162.629,5.37929310863781e-9
2,9571.0,9571.0,162.537,2.5383369534852374e-9
2,9591.0,9591.0,162.455,2.26594525974776e-9
2,9611.0,9611.0,162.366,2.4632113843468446e-9
2,9631.0,9631.0,162.356,2.7725672961457265e-10
2,9651.0,9651.0,162.346,2.778153765575498e-10
2,9671.0,9671.0,162.297,1.3638685234342922e-9
2,9691.0,9691.0,162.165,3.679640292630855e-9
2,9701.0,9701.0,162.065,2.788487493766173e-9
2,9711.0,9711.0,161.94,3.4867810701332413e-9
2,9721.0,9721.0,161.772,4.686817296589238e-9
2,9731.0,9731.0,161.584,5.244393202932416e-9
2,9741.0,9741.0,161.377,5.7732846408532225e-9
2,9751.0,9751.0,161.18,5.493142355578938e-9
2,9761.0,9761.0,160.985,5.436335876758092e-9
2,9771.0,9771.0,160.791,5.407460952141808e-9
2,9781.0,9781.0,160.62,4.7658361313524516e-9
2,9791.0,9791.0,160.45,4.737777925780294e-9
2,9801.0,9801.0,160.28,4.737594599665376e-9
2,9811.0,9811.0,160.115,4.598137458186998e-9
2,9821.0,9821.0,159.946,4.709493194262705e-9
2,9831.0,9831.0,159.758,5.238447738714286e-9
2,9841.0,9841.0,159.56,5.516032580760319e-9
2,9851.0,9851.0,159.367,5.3756120145052515e-9
2,9861.0,9861.0,159.171,5.458047102184796e-9
2,9871.0,9871.0,158.964,5.762911479198973e-9
2,9881.0,9881.0,158.754,5.8446837142509386e-9
2,9891.0,9891.0,158.543,5.870669386098764e-9
2,9901.0,9901.0,158.336,5.757604975603336e-9
2,9911.0,9911.0,158.117,6.089334175969756e-9
2,9921.0,9921.0,157.904,5.920385635450535e-9
2,9931.0,9931.0,157.683,6.140494698037023e-9
2,9941.0,9941.0,157.465,6.054804470338782e-9
2,9951.0,9951.0,157.246,6.080254588919017e-9
2,9961.0,9961.0,157.023,6.188827059291607e-9
2,9971.0,9971.0,156.796,6.297132155598782e-9
2,9981.0,9981.0,156.564,6.432867396297281e-9
2,9991.0,9991.0,156.334,6.374389284562363e-9
2,10001.0,10001.0,156.118,5.983833316988436e-9
2,10011.0,10011.0,155.906,5.870841053050541e-9
2,10021.0,10021.0,155.7,5.702733729746688e-9
2,10031.0,10031.0,155.504,5.4243096358781324e-9
2,10041.0,10041.0,155.307,5.450527987828716e-9
2,10051.0,10051.0,155.114,5.338468393058448e-9
2,10061.0,10061.0,154.917,5.447678839655737e-9
2,10071.0,10071.0,154.72,5.446163476216422e-9
2,10081.0,10081.0,154.52,5.527493940581628e-9
2,10091.0,10091.0,154.306,5.912359536213495e-9
2,10102.0,10102.0,154.081,6.214195964548806e-9
2,10112.0,10112.0,153.851,6.349195793241846e-9
2,10122.0,10122.0,153.633,6.0151207341252055e-9
2,10132.0,10132.0,153.406,6.260565756185872e-9
2,10142.0,10142.0,153.173,6.422748711782859e-9
2,10152.0,10152.0,152.957,5.9512781932292885e-9
2,10162.0,10162.0,152.729,6.278972584407492e-9
2,10172.0,10172.0,152.498,6.358289232731913e-9
2,10182.0,10182.0,152.263,6.464863284253773e-9
2,10192.0,10192.0,152.014,6.845842258835092e-9
2,10202.0,10202.0,151.794,6.0451378104073795e-9
2,10212.0,10212.0,151.767,7.420267216940994e-10
2,10222.0,10222.0,151.628,3.8217132345882684e-9
2,10242.0,10242.0,151.6,7.709231805152037e-10
2,10262.0,10262.0,151.561,1.0756449644710394e-9
2,10272.0,10272.0,151.423,3.8076129229780955e-9
2,10302.0,10302.0,151.362,1.6868821281750527e-9
2,10342.0,10342.0,151.356,1.6653020988388155e-10
2,10352.0,10352.0,151.286,1.944242811100546e-9
2,10372.0,10372.0,151.186,2.7812926379486212e-9
2,10392.0,10392.0,151.118,1.8938734013409665e-9
2,10412.0,10412.0,151.116,5.579643792573226e-11
2,10432.0,10432.0,151.025,2.5428317951175356e-9
2,10452.0,10452.0,150.931,2.6300858119358224e-9
2,10472.0,10472.0,150.838,2.605470773922035e-9
2,10492.0,10492.0,150.765,2.0479332597479904e-9
2,10512.0,10512.0,150.716,1.3767033827633734e-9
2,10522.0,10522.0,150.683,9.277971722762946e-10
2,10532.0,10532.0,150.68,8.441527426490467e-11
2,10542.0,10542.0,150.541,3.9131100170751076e-9
2,10573.0,10573.0,150.498,1.2133565826862925e-9
2,10603.0,10603.0,150.466,9.052995201515374e-10
2,10613.0,10613.0,150.452,3.963814908325096e-10
2,10633.0,10633.0,150.345,3.033975659140079e-9
2,10653.0,10653.0,150.279,1.8738659158543154e-9
2,10673.0,10673.0,150.158,3.439729544079228e-9
2,10693.0,10693.0,150.152,1.7081248517520831e-10
2,10703.0,10703.0,149.991,4.5852035577807e-9
2,10713.0,10713.0,149.885,3.018962229498995e-9
2,10723.0,10723.0,149.751,3.8169291209120044e-9
2,10733.0,10733.0,149.577,4.955833667021514e-9
2,10743.0,10743.0,149.386,5.4384530797555e-9
2,10753.0,10753.0,149.184,5.749448438437125e-9
2,10763.0,10763.0,148.954,6.5430088875275505e-9
2,10773.0,10773.0,148.758,5.572987534583781e-9
2,10784.0,10784.0,148.55,5.9121958155359315e-9
2,10794.0,10794.0,148.333,6.164906264109761e-9
2,10804.0,10804.0,148.104,6.502067406508979e-9
2,10814.0,10814.0,147.869,6.668149408938712e-9
2,10824.0,10824.0,147.627,6.862048071291263e-9
2,10834.0,10834.0,147.378,7.055317384709287e-9
2,10844.0,10844.0,147.151,6.4275050882382105e-9
2,10854.0,10854.0,146.925,6.395239878787438e-9
2,10864.0,10864.0,146.716,5.9108744880560096e-9
2,10874.0,10874.0,146.518,5.5971615711821944e-9
2,10884.0,10884.0,146.32,5.594743180759296e-9
2,10894.0,10894.0,146.159,4.547858421717253e-9
2,10904.0,10904.0,145.929,6.494210985764515e-9
2,10914.0,10914.0,145.736,5.446588631406604e-9
2,10924.0,10924.0,145.542,5.472554628428258e-9
2,10934.0,10934.0,145.346,5.526624357271681e-9
3,10940.0,10940.0,145.113,6.563826319751313e-9
3,10941.0,10941.0,145.091,6.19272925594013e-10
3,10951.0,10951.0,144.898,5.4336493980379184e-9
3,10961.0,10961.0,144.689,5.881316154398944e-9
3,10971.0,10971.0,144.51,5.034948504373342e-9
3,10981.0,10981.0,144.363,4.133949605776478e-9
3,10991.0,10991.0,144.192,4.807960847789667e-9
3,11001.0,11001.0,144.04,4.272843123073673e-9
3,11011.0,11011.0,143.874,4.665483244695033e-9
3,11021.0,11021.0,143.698,4.945147708291832e-9
3,11031.0,11031.0,143.524,4.88743320420349e-9
3,11041.0,11041.0,143.51,3.933406117787214e-10
3,11061.0,11061.0,143.386,3.4885067758021085e-9
3,11081.0,11081.0,143.295,2.5628209060325086e-9
3,11091.0,11091.0,143.231,1.8030746866389599e-9
3,11111.0,11111.0,143.135,2.7079761437644615e-9
3,11132.0,11132.0,143.003,3.727534453318979e-9
3,11152.0,11152.0,142.941,1.7527680110982431e-9
3,11162.0,11162.0,142.9,1.159709988197226e-9
3,11172.0,11172.0,142.829,2.009289881235017e-9
3,11192.0,11192.0,142.712,3.3148283121761608e-9
3,11212.0,11212.0,142.611,2.8644433968573915e-9
3,11222.0,11222.0,142.594,4.823644809138237e-10
3,11232.0,11232.0,142.531,1.788677082799788e-9
3,11242.0,11242.0,142.499,9.090402900607339e-10
3,11262.0,11262.0,142.458,1.166481108913402e-9
3,11272.0,11272.0,142.335,3.500534821618209e-9
3,11322.0,11322.0,142.302,9.428170852747915e-10
3,11332.0,11332.0,142.237,1.8580642334527467e-9
3,11453.0,11453.0,142.081,4.503469384964769e-9
3,11463.0,11463.0,141.931,4.329375366565826e-9
3,11474.0,11474.0,141.697,6.751166294800799e-9
3,11484.0,11484.0,141.497,5.766419417894271e-9
3,11494.0,11494.0,141.292,5.90726652904684e-9
3,11504.0,11504.0,141.087,5.903833896321475e-9
3,11514.0,11514.0,140.868,6.303026609565631e-9
3,11524.0,11524.0,140.658,6.040043331706049e-9
3,11534.0,11534.0,140.465,5.547951233694501e-9
3,11544.0,11544.0,140.27,5.602559665049442e-9
3,11554.0,11554.0,140.082,5.398745701656362e-9
3,11564.0,11564.0,139.888,5.5682703173860485e-9
3,11574.0,11574.0,139.682,5.909357508203975e-9
3,11584.0,11584.0,139.47,6.0776285519725865e-9
3,11595.0,11595.0,139.267,5.81648232272738e-9
3,11605.0,11605.0,139.061,5.898862379486952e-9
3,11615.0,11615.0,138.853,5.952398167308379e-9
3,11625.0,11625.0,138.64,6.091490865554415e-9
3,11635.0,11635.0,138.441,5.687549776427216e-9
3,11645.0,11645.0,138.23,6.026769588623609e-9
3,11655.0,11655.0,138.022,5.937177649398331e-9
3,11665.0,11665.0,137.824,5.648272281965571e-9
3,11675.0,11675.0,137.632,5.4740574971669925e-9
3,11685.0,11685.0,137.421,6.0121050208871715e-9
3,11695.0,11695.0,137.199,6.3209792340150415e-9
3,11705.0,11705.0,136.983,6.145583295804596e-9
3,11715.0,11715.0,136.76,6.339998842594112e-9
3,11725.0,11725.0,136.569,5.426638994667286e-9
3,11735.0,11735.0,136.392,5.026387434280862e-9
3,11745.0,11745.0,136.294,2.782536938282603e-9
3,11765.0,11765.0,136.287,1.9901442316285883e-10
3,11805.0,11805.0,136.274,3.70827606345375e-10
3,11825.0,11825.0,136.242,9.142019295893641e-10
3,11895.0,11895.0,136.241,2.8734448006968812e-11
3,11906.0,11906.0,136.217,6.902011592794388e-10
3,11926.0,11926.0,136.198,5.472407426500397e-10
3,11936.0,11936.0,136.077,3.4861891532873354e-9
3,11946.0,11946.0,135.971,3.054027288791829e-9
3,11956.0,11956.0,135.862,3.1406069149127543e-9
3,11986.0,11986.0,135.803,1.7031738277648398e-9
3,12066.0,12066.0,135.779,6.972275592602012e-10
3,12076.0,12076.0,135.614,4.7940735264196765e-9
3,12086.0,12086.0,135.461,4.443881681666671e-9
3,12097.0,12097.0,135.295,4.820175581423749e-9
3,12107.0,12107.0,135.083,6.152374376289641e-9
3,12117.0,12117.0,135.031,1.5088447146884e-9
3,12137.0,12137.0,134.998,9.588147360030889e-10
3,12157.0,12157.0,134.988,2.9098235971460943e-10
3,12177.0,12177.0,134.957,9.033920986828049e-10
3,12197.0,12197.0,134.931,7.587678953752652e-10
3,12217.0,12217.0,134.926,1.4613938197390598e-10
3,12247.0,12247.0,134.801,3.6606916872917164e-9
3,12257.0,12257.0,134.648,4.479723336640878e-9
3,12267.0,12267.0,134.433,6.291567470982305e-9
3,12277.0,12277.0,134.225,6.0821113706143056e-9
3,12287.0,12287.0,134.023,5.902455486499805e-9
3,12297.0,12297.0,133.837,5.431489970290366e-9
3,12307.0,12307.0,133.636,5.8657994026658864e-9
3,12317.0,12317.0,133.423,6.211418103245322e-9
3,12327.0,12327.0,133.226,5.740669990239458e-9
3,12337.0,12337.0,133.034,5.5913376759689535e-9
3,12347.0,12347.0,132.842,5.587799485724435e-9
3,12358.0,12358.0,132.647,5.671896980287692e-9
3,12368.0,12368.0,132.437,6.10381394019627e-9
3,12378.0,12378.0,132.232,5.953966901619373e-9
3,12388.0,12388.0,132.025,6.007545138476347e-9
3,12398.0,12398.0,131.821,5.916042893101022e-9
3,12408.0,12408.0,131.628,5.593126583588105e-9
3,12418.0,12418.0,131.435,5.589432723968676e-9
3,12428.0,12428.0,131.229,5.961671183089673e-9
3,12438.0,12438.0,131.057,4.974542086152789e-9
3,12468.0,12468.0,130.996,1.7669113669683723e-9
3,12478.0,12478.0,130.965,8.983432623484165e-10
3,12498.0,12498.0,130.929,1.044642210143191e-9
3,12538.0,12538.0,130.91,5.529873546843375e-10
3,12548.0,12548.0,130.851,1.7180288915363562e-9
3,12568.0,12568.0,130.84,3.2073521379932667e-10
3,12608.0,12608.0,130.838,5.849818718026825e-11
3,12618.0,12618.0,130.69,4.329815903080387e-9
3,12628.0,12628.0,130.523,4.883653374133851e-9
3,12638.0,12638.0,130.328,5.699076262189107e-9
3,12648.0,12648.0,130.124,5.9577012440850575e-9
3,12658.0,12658.0,129.909,6.273805027162758e-9
3,12669.0,12669.0,129.723,5.423910309139215e-9
3,12679.0,12679.0,129.569,4.488423633151595e-9
3,12689.0,12689.0,129.364,5.971283100236045e-9
3,12699.0,12699.0,129.146,6.3445725022295645e-9
3,12709.0,12709.0,128.928,6.338859512417251e-9
3,12719.0,12719.0,128.701,6.594358784554954e-9
3,12729.0,12729.0,128.471,6.674900634761881e-9
3,12739.0,12739.0,128.251,6.378522709347335e-9
3,12749.0,12749.0,128.038,6.1699932832656535e-9
3,12759.0,12759.0,127.816,6.424817903725141e-9
3,12769.0,12769.0,127.578,6.880872875394289e-9
3,12779.0,12779.0,127.354,6.469463124493125e-9
3,12789.0,12789.0,127.122,6.6937640859332175e-9
3,12799.0,12799.0,126.891,6.657987306530522e-9
3,12809.0,12809.0,126.658,6.708602332573852e-9
3,12819.0,12819.0,126.398,7.477271232207609e-9
3,12829.0,12829.0,126.157,6.922529558572398e-9
3,12839.0,12839.0,126.112,1.2921311562364183e-9
3,12859.0,12859.0,126.049,1.8110259112880675e-9
3,12879.0,12879.0,125.991,1.6690855906788726e-9
3,12899.0,12899.0,125.878,3.2546793187377113e-9
3,12919.0,12919.0,125.837,1.182009185671221e-9
3,12929.0,12929.0,125.668,4.871887639778819e-9
3,12939.0,12939.0,125.492,5.0706409009787284e-9
3,12949.0,12949.0,125.488,1.1524824941660758e-10
3,12969.0,12969.0,125.345,4.124071634315392e-9
3,12979.0,12979.0,125.199,4.208982258572678e-9
3,12990.0,12990.0,125.116,2.3926166403476804e-9
3,13000.0,13000.0,125.027,2.565787666584897e-9
3,13190.0,13190.0,124.947,2.3384528753003638e-9
3,13200.0,13200.0,124.86,2.5432952949674967e-9
3,13210.0,13210.0,124.71,4.384150515800159e-9
3,13220.0,13220.0,124.555,4.528177639007955e-9
3,13230.0,13230.0,124.379,5.138729175101992e-9
3,13240.0,13240.0,124.198,5.281125674459248e-9
3,13251.0,13251.0,124.037,4.695010254788895e-9
3,13261.0,13261.0,123.843,5.653514268915364e-9
3,13271.0,13271.0,123.633,6.114416687941711e-9
3,13281.0,13281.0,123.415,6.341143959242768e-9
3,13291.0,13291.0,123.241,5.05705399566387e-9
3,13301.0,13301.0,123.028,6.185469132214301e-9
3,13311.0,13311.0,122.808,6.382309272521133e-9
3,13321.0,13321.0,122.59,6.317763158467507e-9
3,13331.0,13331.0,122.334,7.4102530268356534e-9
3,13341.0,13341.0,122.131,5.869486557283833e-9
3,13351.0,13351.0,121.913,6.297054098017091e-9
3,13361.0,13361.0,121.679,6.751757612211625e-9
3,13371.0,13371.0,121.432,7.1181060147524696e-9
3,13381.0,13381.0,121.188,7.022698047180935e-9
3,13391.0,13391.0,120.96,6.55432154783904e-9
3,13401.0,13401.0,120.723,6.805039595857764e-9
3,13411.0,13411.0,120.492,6.624856164847609e-9
3,13421.0,13421.0,120.264,6.531243005927539e-9
3,13431.0,13431.0,120.027,6.780991501129754e-9
3,13441.0,13441.0,119.812,6.144532503378833e-9
3,13451.0,13451.0,119.61,5.767252907233713e-9
3,13461.0,13461.0,119.406,5.818800479073165e-9
3,13471.0,13471.0,119.189,6.183294169381597e-9
3,13481.0,13481.0,118.974,6.119752536436938e-9
3,13491.0,13491.0,118.767,5.8859636138948225e-9
3,13501.0,13501.0,118.557,5.965212122250025e-9
3,13511.0,13511.0,118.343,6.0724693049002e-9
3,13521.0,13521.0,118.136,5.8677383333492515e-9
3,13532.0,13532.0,117.933,5.749048699634085e-9
3,13542.0,13542.0,117.732,5.686865471688442e-9
3,13552.0,13552.0,117.532,5.653115588430205e-9
3,13562.0,13562.0,117.343,5.337296596798301e-9
3,13572.0,13572.0,117.144,5.6145466921220845e-9
3,13582.0,13582.0,116.959,5.2148453525829635e-9
3,13592.0,13592.0,116.776,5.154151799973027e-9
3,13602.0,13602.0,116.59,5.234223912066365e-9
3,13612.0,13612.0,116.407,5.145438118417544e-9
3,13622.0,13622.0,116.226,5.084986125666987e-9
3,13632.0,13632.0,116.045,5.080800496415728e-9
3,13642.0,13642.0,115.863,5.104628769898747e-9
3,13652.0,13652.0,115.669,5.4363578048357605e-9
3,13662.0,13662.0,115.539,3.64048704943144e-9
3,13672.0,13672.0,115.424,3.2193730355921974e-9
3,13682.0,13682.0,115.319,2.938775564683167e-9
3,13692.0,13692.0,115.297,6.158543403473494e-10
3,13722.0,13722.0,115.252,1.2620953648093646e-9
3,13752.0,13752.0,115.216,1.0115282065990562e-9
3,13772.0,13772.0,115.205,3.094644429930378e-10
3,13782.0,13782.0,115.116,2.504579317210587e-9
3,13812.0,13812.0,114.955,4.53568960066913e-9
3,13822.0,13822.0,114.777,5.010849795359026e-9
3,13832.0,13832.0,114.573,5.737370450590431e-9
3,13842.0,13842.0,114.355,6.124254821851034e-9
3,13852.0,13852.0,114.141,6.004873435066817e-9
3,13862.0,13862.0,113.956,5.185805170726119e-9
3,13892.0,13892.0,113.85,2.973957778307302e-9
3,13902.0,13902.0,113.682,4.711162130202189e-9
3,13912.0,13912.0,113.521,4.511578379036832e-9
3,13922.0,13922.0,113.394,3.556866425429878e-9
3,13942.0,13942.0,113.259,3.7819807923243306e-9
3,13952.0,13952.0,113.068,5.346938658842403e-9
3,13963.0,13963.0,112.857,5.9009846432259246e-9
3,13973.0,13973.0,112.646,5.894180596860213e-9
3,13983.0,13983.0,112.443,5.664344612225635e-9
3,13993.0,13993.0,112.24,5.658171231097208e-9
3,14003.0,14003.0,112.032,5.7910655382617485e-9
3,14013.0,14013.0,111.833,5.534385387859569e-9
3,14023.0,14023.0,111.636,5.472974768099506e-9
3,14033.0,14033.0,111.441,5.411765031269975e-9
3,14043.0,14043.0,111.243,5.4892511313841616e-9
3,14053.0,14053.0,111.028,5.9537323869169225e-9
3,14063.0,14063.0,110.811,6.001704513208329e-9
3,14073.0,14073.0,110.605,5.690650439247244e-9
3,14083.0,14083.0,110.377,6.290511002369394e-9
3,14093.0,14093.0,110.182,5.373556845004951e-9
3,14103.0,14103.0,110.006,4.8452570328171274e-9
3,14113.0,14113.0,109.824,5.0058368336743444e-9
3,14123.0,14123.0,109.687,3.765328007019286e-9
3,14143.0,14143.0,109.686,2.7505764223251486e-11
3,14213.0,14213.0,109.678,2.2112614761927584e-10
3,14223.0,14223.0,109.657,5.807877450408806e-10
3,14233.0,14233.0,109.563,2.6001803775233047e-9
3,14254.0,14254.0,109.523,1.107414924562335e-9
3,14274.0,14274.0,109.491,8.868834444876978e-10
3,14354.0,14354.0,109.448,1.1980185088337867e-9
3,14635.0,14635.0,109.348,2.8387758696036188e-9
3,14645.0,14645.0,109.191,4.454684799682086e-9
3,14655.0,14655.0,109.032,4.507985071231624e-9
3,14665.0,14665.0,108.872,4.5327968217886716e-9
3,14675.0,14675.0,108.679,5.462550978710115e-9
3,14685.0,14685.0,108.499,5.0893378911730335e-9
3,14695.0,14695.0,108.311,5.31013728574711e-9
3,14705.0,14705.0,108.123,5.304535547939989e-9
3,14715.0,14715.0,107.92,5.721310314494507e-9
3,14725.0,14725.0,107.716,5.742562600617168e-9
3,14735.0,14735.0,107.525,5.370410813989906e-9
3,14745.0,14745.0,107.322,5.701237181347601e-9
3,14755.0,14755.0,107.126,5.498146221606396e-9
3,14765.0,14765.0,106.928,5.547802469874591e-9
3,14776.0,14776.0,106.756,4.8145570168476845e-9
3,14786.0,14786.0,106.587,4.726229476018075e-9
3,14796.0,14796.0,106.405,5.084848318292005e-9
3,14806.0,14806.0,106.208,5.4978487366789085e-9
3,14816.0,14816.0,106.006,5.6306090024339595e-9
3,14826.0,14826.0,105.801,5.707122125013114e-9
3,14836.0,14836.0,105.607,5.394348151271452e-9
3,14846.0,14846.0,105.408,5.526814152283053e-9
3,14856.0,14856.0,105.208,5.547818532408073e-9
3,14866.0,14866.0,105.016,5.319571524890299e-9
3,14876.0,14876.0,104.815,5.562254776435977e-9
3,14886.0,14886.0,104.633,5.030655994396457e-9
3,14896.0,14896.0,104.465,4.639036871851721e-9
3,14906.0,14906.0,104.277,5.185943806166326e-9
3,14916.0,14916.0,104.099,4.90477482709809e-9
3,14926.0,14926.0,103.923,4.844671928004028e-9
3,14936.0,14936.0,103.753,4.674859218815385e-9
3,14946.0,14946.0,103.586,4.587979289771428e-9
3,14956.0,14956.0,103.428,4.336818637229851e-9
3,14966.0,14966.0,103.262,4.5523148811967606e-9
3,14976.0,14976.0,103.093,4.630165690231285e-9
3,14986.0,14986.0,102.92,4.735059689037822e-9
3,14996.0,14996.0,102.75,4.6483016249262604e-9
3,15006.0,15006.0,102.579,4.671005134825694e-9
3,15016.0,15016.0,102.411,4.5845342008915086e-9
3,15026.0,15026.0,102.247,4.471105920453758e-9
3,15036.0,15036.0,102.078,4.602984679573397e-9
3,15046.0,15046.0,101.906,4.679986586499031e-9
3,15056.0,15056.0,101.743,4.430762715558155e-9
3,15066.0,15066.0,101.577,4.508012922681657e-9
3,15076.0,15076.0,101.43,3.988535639265132e-9
3,15087.0,15087.0,101.27,4.337860902484291e-9
3,15097.0,15097.0,101.106,4.44214275347298e-9
3,15107.0,15107.0,100.949,4.248606249780031e-9
3,15117.0,15117.0,100.767,4.920127404705269e-9
3,15127.0,15127.0,100.603,4.428844428788333e-9
3,15137.0,15137.0,100.426,4.7749715655610025e-9
3,15147.0,15147.0,100.255,4.608164696368784e-9
3,15157.0,15157.0,100.072,4.9260955083258735e-9
3,15167.0,15167.0,99.921,4.060602047839093e-9
3,15177.0,15177.0,99.787,3.600685543503825e-9
3,15187.0,15187.0,99.652,3.62505708147173e-9
3,15197.0,15197.0,99.513,3.729792613191216e-9
3,15207.0,15207.0,99.467,1.2339847833573645e-9
3,15287.0,15287.0,99.407,1.617150818887251e-9
3,15317.0,15317.0,99.37,9.987126904310965e-10
3,15428.0,15428.0,99.346,6.523080057515744e-10
3,15438.0,15438.0,99.223,3.342770777300973e-9
3,15448.0,15448.0,99.122,2.7435563947941286e-9
3,15458.0,15458.0,98.978,3.9093024416475885e-9
3,15468.0,15468.0,98.8,4.827598533693147e-9
3,15478.0,15478.0,98.604,5.3091605951204505e-9
3,15488.0,15488.0,98.435,4.572284435975732e-9
3,15498.0,15498.0,98.25,4.999396999650956e-9
3,15508.0,15508.0,98.058,5.181959562638807e-9
3,15518.0,15518.0,97.873,4.986658541152673e-9
3,15528.0,15528.0,97.709,4.415574874427496e-9
3,15538.0,15538.0,97.523,5.002165594956479e-9
3,15548.0,15548.0,97.33,5.183677064564509e-9
3,15558.0,15558.0,97.134,5.257121972101329e-9
3,15568.0,15568.0,96.953,4.848493806233502e-9
3,15578.0,15578.0,96.758,5.216744827725224e-9
3,15588.0,15588.0,96.589,4.515579989022618e-9
3,15598.0,15598.0,96.399,5.0705120893563754e-9
3,15608.0,15608.0,96.214,4.9306432456517415e-9
3,15618.0,15618.0,96.061,4.07322752150842e-9
3,15628.0,15628.0,95.888,4.600810648388859e-9
3,15638.0,15638.0,95.698,5.046584855517588e-9
3,15648.0,15648.0,95.51,4.98679764536011e-9
3,15658.0,15658.0,95.335,4.636114184417658e-9
3,15668.0,15668.0,95.118,5.740637384462797e-9
3,15678.0,15678.0,94.89,6.021384966274421e-9
3,15688.0,15688.0,94.699,5.036317300478074e-9
3,15698.0,15698.0,94.527,4.529524163731301e-9
3,15708.0,15708.0,94.344,4.813226091281084e-9
3,15718.0,15718.0,94.188,4.098320869879685e-9
3,15728.0,15728.0,94.035,4.015472191534394e-9
3,15738.0,15738.0,93.906,3.3826711914560025e-9
3,15758.0,15758.0,93.868,9.968255263612777e-10
3,15778.0,15778.0,93.803,1.7063239109829902e-9
3,15788.0,15788.0,93.766,9.713794353646583e-10
3,15809.0,15809.0,93.686,2.10176165809709e-9
3,15829.0,15829.0,93.632,1.4194684734316746e-9
3,15849.0,15849.0,93.586,1.2100583106316816e-9
3,15869.0,15869.0,93.546,1.0530684726854863e-9
3,15919.0,15919.0,93.535,2.904271083045555e-10
3,15939.0,15939.0,93.515,5.286250983876295e-10
3,15949.0,15949.0,93.489,6.874746717627883e-10
3,15959.0,15959.0,93.463,6.877144321922191e-10
3,15979.0,15979.0,93.421,1.111910953024116e-9
3,15999.0,15999.0,93.41,2.914965788710897e-10
3,16009.0,16009.0,93.325,2.2527233285002965e-9
3,16029.0,16029.0,93.265,1.5909079209382274e-9
3,16049.0,16049.0,93.245,5.307366696839982e-10
3,16059.0,16059.0,93.099,3.87334131010987e-9
3,16069.0,16069.0,92.946,4.055059999301076e-9
3,16079.0,16079.0,92.815,3.4688368277901216e-9
3,16089.0,16089.0,92.619,5.184101425351317e-9
3,16099.0,16099.0,92.431,4.965292520949751e-9
3,16109.0,16109.0,92.251,4.747496528488585e-9
3,16119.0,16119.0,92.022,6.030235653071392e-9
3,16129.0,16129.0,91.824,5.205060928274233e-9
3,16139.0,16139.0,91.612,5.564114446686669e-9
3,16149.0,16149.0,91.42,5.0312151409946894e-9
3,16159.0,16159.0,91.232,4.919214524913818e-9
3,16169.0,16169.0,91.028,5.329711419960033e-9
3,16179.0,16179.0,90.857,4.461117580382709e-9
3,16189.0,16189.0,90.661,5.106164387545482e-9
3,16199.0,16199.0,90.474,4.864421367995044e-9
3,16209.0,16209.0,90.278,5.09089811112245e-9
3,16219.0,16219.0,90.107,4.4352653242937485e-9
3,16229.0,16229.0,90.008,2.5655225567204376e-9
3,16259.0,16259.0,89.953,1.4267041301606408e-9
3,16279.0,16279.0,89.875,2.024317549697432e-9
3,16289.0,16289.0,89.816,1.5309879083842355e-9
3,16309.0,16309.0,89.784,8.309648310913446e-10
3,16319.0,16319.0,89.603,4.697449115948865e-9
3,16329.0,16329.0,89.438,4.276564517132475e-9
3,16339.0,16339.0,89.297,3.6505070393662122e-9
3,16350.0,16350.0,89.124,4.474132376171174e-9
3,16360.0,16360.0,88.937,4.829394843861581e-9
3,16370.0,16370.0,88.778,4.100802841647978e-9
3,16380.0,16380.0,88.686,2.370887741213843e-9
3,16390.0,16390.0,88.571,2.9619599972576282e-9
3,16400.0,16400.0,88.403,4.322764706041319e-9
3,16410.0,16410.0,88.25,3.932059031756715e-9
3,16420.0,16420.0,88.129,3.106736352790097e-9
3,16430.0,16430.0,87.974,3.975896004117291e-9
3,16440.0,16440.0,87.81,4.201689971363546e-9
3,16450.0,16450.0,87.629,4.630944972761623e-9
3,16460.0,16460.0,87.463,4.241341310873869e-9
3,16470.0,16470.0,87.297,4.235870979062846e-9
3,16480.0,16480.0,87.122,4.459519306203579e-9
3,16490.0,16490.0,86.943,4.5549555289387276e-9
3,16500.0,16500.0,86.784,4.040614228419732e-9
3,16510.0,16510.0,86.604,4.568121175634825e-9
3,16520.0,16520.0,86.428,4.4601363801236725e-9
3,16530.0,16530.0,86.266,4.099813651124799e-9
3,16550.0,16550.0,86.248,4.556106302617455e-10
3,16560.0,16560.0,86.134,2.88506830105755e-9
3,16580.0,16580.0,86.045,2.2524425050448957e-9
3,16600.0,16600.0,85.989,1.4177818179678022e-9
3,16620.0,16620.0,85.894,2.4059497360886372e-9
3,16640.0,16640.0,85.849,1.1401024547624043e-9
3,16660.0,16660.0,85.797,1.3182902134818353e-9
3,16680.0,16680.0,85.75,1.1922738862866973e-9
3,16700.0,16700.0,85.747,7.617163073149923e-11
3,16710.0,16710.0,85.674,1.853797680564472e-9
3,16730.0,16730.0,85.661,3.3035766083220176e-10
3,16740.0,16740.0,85.649,3.0508328564489663e-10
3,16760.0,16760.0,85.603,1.170486740588046e-9
3,16770.0,16770.0,85.43,4.399041706025106e-9
3,16780.0,16780.0,85.274,3.9614962831644245e-9
3,16790.0,16790.0,85.12,3.905932333049072e-9
3,16800.0,16800.0,85.016,2.6353471926155804e-9
3,16820.0,16820.0,84.95,1.6727497781659335e-9
3,16840.0,16840.0,84.929,5.325986703684751e-10
3,16860.0,16860.0,84.858,1.8018529865135855e-9
3,16880.0,16880.0,84.85,2.0317194808687738e-10
3,16910.0,16910.0,84.819,7.885092670296937e-10
3,16930.0,16930.0,84.749,1.7815495101525054e-9
3,16961.0,16961.0,84.673,1.9361270419374754e-9
3,16981.0,16981.0,84.603,1.783839146117355e-9
3,16991.0,16991.0,84.429,4.4303304274953554e-9
3,17001.0,17001.0,84.257,4.373014873648569e-9
3,17011.0,17011.0,84.115,3.6056789940803204e-9
3,17021.0,17021.0,83.931,4.665842495898754e-9
3,17031.0,17031.0,83.733,5.012382007623122e-9
3,17041.0,17041.0,83.528,5.180153470594831e-9
3,17051.0,17051.0,83.338,4.792590372163166e-9
3,17061.0,17061.0,83.162,4.432312664039049e-9
3,17071.0,17071.0,82.984,4.475770966997613e-9
4,17081.0,17081.0,82.879,2.63724882927828e-9
4,17082.0,17082.0,82.869,2.510071047666342e-10
4,17092.0,17092.0,82.725,3.613258002877931e-9
4,17102.0,17102.0,82.528,4.935844632924876e-9
4,17112.0,17112.0,82.337,4.777070007703199e-9
4,17122.0,17122.0,82.132,5.11789540330075e-9
4,17132.0,17132.0,81.917,5.356968753318214e-9
4,17142.0,17142.0,81.69,5.644015910189961e-9
4,17152.0,17152.0,81.46,5.70595946760238e-9
4,17162.0,17162.0,81.225,5.816775088870087e-9
4,17172.0,17172.0,80.989,5.828009037198616e-9
4,17182.0,17182.0,80.751,5.863637460119976e-9
4,17192.0,17192.0,80.519,5.702522053138783e-9
4,17202.0,17202.0,80.286,5.713910228741213e-9
4,17212.0,17212.0,80.057,5.6029381044125965e-9
4,17222.0,17222.0,79.82,5.785180603594763e-9
4,17232.0,17232.0,79.583,5.7713780418637446e-9
4,17242.0,17242.0,79.344,5.806069462575668e-9
4,17252.0,17252.0,79.104,5.816161443471394e-9
4,17262.0,17262.0,78.865,5.777765113910431e-9
4,17272.0,17272.0,78.628,5.7154605468570385e-9
4,17282.0,17282.0,78.381,5.941751736532794e-9
4,17292.0,17292.0,78.15,5.543149179471884e-9
4,17302.0,17302.0,77.921,5.482176368604028e-9
4,17312.0,17312.0,77.697,5.350003811043946e-9
4,17322.0,17322.0,77.463,5.575613523134039e-9
4,17332.0,17332.0,77.228,5.585738367461831e-9
4,17342.0,17342.0,76.985,5.7613656833747676e-9
4,17352.0,17352.0,76.741,5.770131255632184e-9
4,17362.0,17362.0,76.495,5.802226336343186e-9
4,17372.0,17372.0,76.253,5.692980803134822e-9
4,17382.0,17382.0,76.004,5.842185752290481e-9
4,17392.0,17392.0,75.756,5.803066209170426e-9
4,17402.0,17402.0,75.504,5.880615730670727e-9
4,17412.0,17412.0,75.249,5.934085541197886e-9
4,17422.0,17422.0,74.989,6.0332337394563235e-9
4,17432.0,17432.0,74.733,5.92341011376422e-9
4,17442.0,17442.0,74.473,5.998669266449455e-9
4,17452.0,17452.0,74.218,5.8663648143546995e-9
4,17462.0,17462.0,73.958,5.964090142814409e-9
4,17472.0,17472.0,73.704,5.8095712746054405e-9
4,17482.0,17482.0,73.468,5.3830363292382465e-9
4,17492.0,17492.0,73.24,5.187129761192695e-9
4,17502.0,17502.0,73.009,5.241934195812492e-9
4,17512.0,17512.0,72.786,5.047568739115216e-9
4,17522.0,17522.0,72.554,5.237883285350486e-9
4,17532.0,17532.0,72.325,5.156694275156742e-9
4,17542.0,17542.0,72.1,5.053624870060651e-9
4,17552.0,17552.0,71.875,5.040750660537341e-9
4,17562.0,17562.0,71.681,4.336067673720621e-9
4,17592.0,17592.0,71.632,1.0952061750918855e-9
4,17612.0,17612.0,71.569,1.4086213843215054e-9
4,17632.0,17632.0,71.55,4.250612072429939e-10
4,17642.0,17642.0,71.509,9.173728007657495e-10
4,17662.0,17662.0,71.415,2.103642306930566e-9
4,17803.0,17803.0,71.266,3.3554023542047114e-9
4,17813.0,17813.0,71.134,2.968383361292875e-9
4,17843.0,17843.0,71.107,6.075128054930264e-10
4,17853.0,17853.0,70.978,2.9010027938526057e-9
4,17863.0,17863.0,70.894,1.8872497458922107e-9
4,17883.0,17883.0,70.782,2.515670089110438e-9
4,17893.0,17893.0,70.585,4.417702134518261e-9
4,17903.0,17903.0,70.374,4.7206312517956375e-9
4,17913.0,17913.0,70.164,4.686842825469298e-9
4,17923.0,17923.0,69.959,4.564287505243599e-9
4,17933.0,17933.0,69.74,4.863952900197933e-9
4,17943.0,17943.0,69.504,5.22736169153056e-9
4,17953.0,17953.0,69.281,4.925875418919892e-9
4,17963.0,17963.0,69.058,4.912780551434042e-9
4,17973.0,17973.0,68.821,5.2067418439057596e-9
4,17983.0,17983.0,68.567,5.56344325126088e-9
4,17993.0,17993.0,68.296,5.916405421643692e-9
4,18003.0,18003.0,68.029,5.809391559099543e-9
4,18013.0,18013.0,67.769,5.6383466218492565e-9
4,18023.0,18023.0,67.51,5.598300819689975e-9
4,18033.0,18033.0,67.264,5.3003946637255e-9
4,18043.0,18043.0,67.016,5.326853619852606e-9
4,18053.0,18053.0,66.775,5.1605064440474666e-9
4,18063.0,18063.0,66.525,5.336531043956868e-9
4,18073.0,18073.0,66.27,5.425642226520641e-9
4,18083.0,18083.0,66.012,5.471292597621712e-9
4,18093.0,18093.0,65.746,5.621707093112814e-9
4,18103.0,18103.0,65.481,5.581084859972108e-9
4,18113.0,18113.0,65.231,5.247408273632857e-9
4,18123.0,18123.0,64.99,5.042282330087627e-9
4,18133.0,18133.0,64.759,4.818198198932388e-9
4,18143.0,18143.0,64.53,4.762172901879775e-9
4,18153.0,18153.0,64.387,2.9668366537493812e-9
4,18173.0,18173.0,64.307,1.6587231782674178e-9
4,18193.0,18193.0,64.226,1.679202154435652e-9
4,18203.0,18203.0,64.147,1.6366007695869433e-9
4,18223.0,18223.0,64.092,1.1394668306295415e-9
4,18233.0,18233.0,64.071,4.35049918420277e-10
4,18253.0,18253.0,63.983,1.823513887269388e-9
4,18284.0,18284.0,63.883,2.0726467619034637e-9
4,18314.0,18314.0,63.707,3.6459567727202806e-9
4,18324.0,18324.0,63.51,4.0712770713555886e-9
4,18334.0,18334.0,63.313,4.060882986349972e-9
4,18344.0,18344.0,63.081,4.76878216937344e-9
4,18354.0,18354.0,62.873,4.262898838885894e-9
4,18364.0,18364.0,62.676,4.026667489514413e-9
4,18374.0,18374.0,62.471,4.179044700174598e-9
4,18384.0,18384.0,62.251,4.472030519683578e-9
4,18394.0,18394.0,62.028,4.519368928606046e-9
4,18404.0,18404.0,61.807,4.465261595391298e-9
4,18414.0,18414.0,61.577,4.632696192745274e-9
4,18424.0,18424.0,61.331,4.938535545256825e-9
4,18434.0,18434.0,61.082,4.981331815282705e-9
4,18444.0,18444.0,60.831,5.0035455018621585e-9
4,18454.0,18454.0,60.613,4.331337975581182e-9
4,18464.0,18464.0,60.389,4.436754093256337e-9
4,18474.0,18474.0,60.157,4.580371759856747e-9
4,18484.0,18484.0,59.906,4.938304578715235e-9
4,18494.0,18494.0,59.655,4.920317338477988e-9
4,18504.0,18504.0,59.406,4.863327238555602e-9
4,18514.0,18514.0,59.137,5.2339244976703035e-9
4,18524.0,18524.0,58.863,5.309655480662353e-9
4,18534.0,18534.0,58.595,5.172322008853014e-9
4,18544.0,18544.0,58.35,4.7103172779916975e-9
4,18554.0,18554.0,58.169,3.46906051650994e-9
4,18584.0,18584.0,58.126,8.238870859686593e-10
4,18594.0,18594.0,58.037,1.704235677781492e-9
4,18614.0,18614.0,57.947,1.7225796075079478e-9
4,18624.0,18624.0,57.896,9.75465547636029e-10
4,18644.0,18644.0,57.759,2.6189250790684707e-9
4,18664.0,18664.0,57.691,1.298992297540992e-9
4,18674.0,18674.0,57.627,1.22183744411042e-9
4,18694.0,18694.0,57.518,2.0800454306535494e-9
4,18714.0,18714.0,57.432,1.6401102853863785e-9
4,18734.0,18734.0,57.339,1.772738310377447e-9
4,18754.0,18754.0,57.264,1.4290590074576206e-9
4,18764.0,18764.0,57.088,3.347964597766576e-9
4,18774.0,18774.0,56.88,3.945500253769384e-9
4,18784.0,18784.0,56.696,3.4800979852168487e-9
4,18794.0,18794.0,56.493,3.82841036736391e-9
4,18804.0,18804.0,56.278,4.0418959948785475e-9
4,18814.0,18814.0,56.048,4.309116835546895e-9
4,18824.0,18824.0,55.821,4.237859238768788e-9
4,18834.0,18834.0,55.608,3.962957389297364e-9
4,18844.0,18844.0,55.39,4.042441492250697e-9
4,18854.0,18854.0,55.184,3.807349486788243e-9
4,18864.0,18864.0,55.175,1.6610513323266268e-10
4,18874.0,18874.0,55.163,2.215487502524604e-10
4,18884.0,18884.0,55.016,2.711497154432298e-9
4,18904.0,18904.0,55.011,9.21981028571597e-11
4,18914.0,18914.0,54.815,3.609471546018129e-9
4,18924.0,18924.0,54.591,4.111507605178347e-9
4,18934.0,18934.0,54.343,4.534782946490155e-9
4,18944.0,18944.0,54.109,4.262104640243969e-9
4,18954.0,18954.0,53.86,4.517501469805779e-9
4,18964.0,18964.0,53.589,4.895540138095247e-9
4,18974.0,18974.0,53.335,4.5684282691634214e-9
4,18984.0,18984.0,53.109,4.048707021161591e-9
4,18994.0,18994.0,52.855,4.532183594607293e-9
4,19004.0,19004.0,52.601,4.51283061338423e-9
4,19014.0,19014.0,52.349,4.458158177981341e-9
4,19025.0,19025.0,52.092,4.527180500952137e-9
4,19035.0,19035.0,51.845,4.332304880112413e-9
4,19045.0,19045.0,51.594,4.3836716017705356e-9
4,19055.0,19055.0,51.34,4.41672662849665e-9
4,19065.0,19065.0,51.081,4.483576514940301e-9
4,19075.0,19075.0,50.823,4.446051452187063e-9
4,19085.0,19085.0,50.562,4.4771884763865e-9
4,19095.0,19095.0,50.296,4.541618511670667e-9
4,19105.0,19105.0,50.018,4.723374561053209e-9
4,19115.0,19115.0,49.747,4.5816382967492255e-9
4,19125.0,19125.0,49.474,4.592685332567228e-9
4,19135.0,19135.0,49.199,4.603185674678462e-9
4,19145.0,19145.0,48.917,4.696164634962385e-9
4,19155.0,19155.0,48.653,4.3742277190346e-9
4,19165.0,19165.0,48.394,4.270607933168163e-9
4,19175.0,19175.0,48.134,4.266394675999115e-9
4,19185.0,19185.0,47.885,4.066467722430962e-9
4,19195.0,19195.0,47.645,3.901558616371492e-9
4,19205.0,19205.0,47.387,4.174484827808768e-9
4,19215.0,19215.0,47.228,2.5626925536739094e-9
4,19255.0,19255.0,47.223,8.061559947289556e-11
4,19265.0,19265.0,47.057,2.6729797916385977e-9
4,19275.0,19275.0,46.894,2.6168715056180167e-9
4,19285.0,19285.0,46.709,2.9606027620596973e-9
4,19295.0,19295.0,46.521,2.9981773336265174e-9
4,19305.0,19305.0,46.344,2.8131580693502564e-9
4,19315.0,19315.0,46.149,3.0884259292471384e-9
4,19325.0,19325.0,45.978,2.6989916581955195e-9
4,19355.0,19355.0,45.838,2.205660065338994e-9
4,19365.0,19365.0,45.631,3.2505793946841974e-9
4,19375.0,19375.0,45.419,3.3155571819395494e-9
4,19385.0,19385.0,45.173,3.829920510085291e-9
4,19395.0,19395.0,44.962,3.27012762522232e-9
4,19405.0,19405.0,44.728,3.6105430585198424e-9
4,19415.0,19415.0,44.477,3.853889995288849e-9
4,19425.0,19425.0,44.228,3.803710671130492e-9
4,19435.0,19435.0,44.002,3.4356448498041317e-9
4,19445.0,19445.0,43.776,3.419802835905823e-9
4,19455.0,19455.0,43.546,3.4640308047431983e-9
4,19465.0,19465.0,43.306,3.5970334262417617e-9
4,19475.0,19475.0,43.091,3.2071080283442307e-9
4,19485.0,19485.0,42.851,3.563002344742769e-9
4,19495.0,19495.0,42.615,3.4860019132701152e-9
4,19505.0,19505.0,42.366,3.6590314233485777e-9
4,19515.0,19515.0,42.116,3.654026991849412e-9
4,19525.0,19525.0,41.863,3.6777420278923706e-9
4,19535.0,19535.0,41.616,3.5709733325442635e-9
4,19545.0,19545.0,41.372,3.50864799271893e-9
4,19555.0,19555.0,41.118,3.6323847247390457e-9
4,19565.0,19565.0,40.854,3.753602767586328e-9
4,19575.0,19575.0,40.591,3.7172429547567526e-9
4,19585.0,19585.0,40.32,3.807145156816031e-9
4,19595.0,19595.0,40.051,3.75574346251977e-9
4,19605.0,19605.0,39.781,3.7463350937440316e-9
4,19616.0,19616.0,39.514,3.6818536166758135e-9
4,19626.0,19626.0,39.262,3.454023279908165e-9
4,19636.0,19636.0,38.996,3.623784848994029e-9
4,19646.0,19646.0,38.748,3.3580851360214017e-9
4,19656.0,19656.0,38.529,2.9490932987609306e-9
4,19666.0,19666.0,38.295,3.134207952697504e-9
4,19676.0,19676.0,38.046,3.315835719793923e-9
4,19686.0,19686.0,37.793,3.3486487845871255e-9
4,19696.0,19696.0,37.535,3.393541608927064e-9
4,19706.0,19706.0,37.275,3.398055605313051e-9
4,19716.0,19716.0,37.012,3.414965954348917e-9
4,19726.0,19726.0,36.755,3.3153796998527777e-9
4,19736.0,19736.0,36.492,3.3705729180714446e-9
4,19746.0,19746.0,36.24,3.2085159581397984e-9
4,19756.0,19756.0,35.987,3.2005020914091955e-9
4,19766.0,19766.0,35.737,3.142116633388377e-9
4,19776.0,19776.0,35.48,3.208885730993748e-9
4,19786.0,19786.0,35.225,3.162622176727474e-9
4,19796.0,19796.0,34.967,3.178218624574356e-9
4,19806.0,19806.0,34.707,3.180825665962406e-9
4,19816.0,19816.0,34.458,3.025524834446228e-9
4,19826.0,19826.0,34.248,2.5359930662253328e-9
4,19836.0,19836.0,34.031,2.6055534432292895e-9
4,19846.0,19846.0,33.809,2.649785998074138e-9
4,19856.0,19856.0,33.597,2.5155049790804817e-9
4,19866.0,19866.0,33.447,1.771171469080807e-9
4,19926.0,19926.0,33.445,2.3633242044097183e-11
4,19936.0,19936.0,33.377,8.030922000523126e-10
4,19956.0,19956.0,33.273,1.2263261479680067e-9
4,19986.0,19986.0,33.249,2.8287946557915046e-10
4,20006.0,20006.0,33.144,1.2364337654677021e-9
4,20016.0,20016.0,33.142,2.3524917044994423e-11
4,20036.0,20036.0,33.088,6.352702799074675e-10
4,20076.0,20076.0,32.979,1.2817026189483033e-9
4,20086.0,20086.0,32.942,4.343281413329907e-10
4,20116.0,20116.0,32.916,3.0536728853032094e-10
4,20126.0,20126.0,32.768,1.7345138672488295e-9
4,20156.0,20156.0,32.689,9.240309929396813e-10
4,20186.0,20186.0,32.6,1.0398705827997056e-9
4,20217.0,20217.0,32.553,5.488428198430094e-10
4,20227.0,20227.0,32.528,2.917592949053002e-10
4,20247.0,20247.0,32.434,1.0960917874600855e-9
4,20267.0,20267.0,32.343,1.0591334656666928e-9
4,20297.0,20297.0,32.289,6.280181667809129e-10
4,20327.0,20327.0,32.264,2.9082298400308823e-10
4,20357.0,20357.0,32.197,7.794434611501016e-10
4,20367.0,20367.0,32.036,1.8672830104480045e-9
4,20397.0,20397.0,31.93,1.226084366969381e-9
4,20417.0,20417.0,31.873,6.58274276199905e-10
4,20427.0,20427.0,31.74,1.5321493719076969e-9
4,20457.0,20457.0,31.627,1.2986213406846214e-9
4,20477.0,20477.0,31.589,4.360898106603288e-10
4,20487.0,20487.0,31.443,1.671441999732802e-9
4,20507.0,20507.0,31.385,6.624946267281732e-10
4,20517.0,20517.0,31.286,1.1285340775988794e-9
4,20557.0,20557.0,31.213,8.314854705799012e-10
4,20587.0,20587.0,31.151,7.056960995415803e-10
4,20597.0,20597.0,31.036,1.3058714159540076e-9
4,20617.0,20617.0,30.932,1.1779457511901915e-9
4,20627.0,20627.0,30.817,1.2985624424052864e-9
4,20647.0,20647.0,30.782,3.94636875661622e-10
4,20658.0,20658.0,30.602,2.0235547697265825e-9
4,20668.0,20668.0,30.554,5.37870545499132e-10
4,20688.0,20688.0,30.54,1.5687151974622822e-10
4,20698.0,20698.0,30.497,4.81602816424959e-10
4,20708.0,20708.0,30.472,2.7982482254523096e-10
4,20718.0,20718.0,30.417,6.151037290608173e-10
4,20728.0,20728.0,30.394,2.5701968165478425e-10
4,20738.0,20738.0,30.221,1.9279336472665084e-9
4,20748.0,20748.0,30.101,1.3314725515350507e-9
4,20778.0,20778.0,30.061,4.4328700361365586e-10
4,20788.0,20788.0,29.885,1.9443954023153867e-9
4,20798.0,20798.0,29.824,6.715683290584426e-10
4,20828.0,20828.0,29.79,3.7426028971872546e-10
4,20848.0,20848.0,29.663,1.3955355155495177e-9
4,20858.0,20858.0,29.614,5.370985244517321e-10
4,20888.0,20888.0,29.525,9.746750348075944e-10
4,20908.0,20908.0,29.513,1.313180346549479e-10
4,20918.0,20918.0,29.357,1.7030907610561428e-9
4,20938.0,20938.0,29.337,2.1790033554168722e-10
4,20948.0,20948.0,29.158,1.944524151986114e-9
4,20958.0,20958.0,28.999,1.7180980940859706e-9
4,20968.0,20968.0,28.821,1.9131723592864828e-9
4,20978.0,20978.0,28.649,1.8383691578000667e-9
4,20988.0,20988.0,28.457,2.040107372905981e-9
4,20998.0,20998.0,28.24,2.2903230565824673e-9
4,21008.0,21008.0,28.023,2.273873645770869e-9
4,21018.0,21018.0,27.804,2.278131521866034e-9
4,21028.0,21028.0,27.555,2.5697125886157537e-9
4,21038.0,21038.0,27.301,2.598730861766148e-9
4,21048.0,21048.0,27.035,2.696988757569502e-9
4,21058.0,21058.0,26.76,2.76179047325202e-9
4,21068.0,21068.0,26.484,2.744745404841907e-9
4,21078.0,21078.0,26.203,2.766547879496926e-9
4,21088.0,21088.0,25.933,2.6316968777275534e-9
4,21098.0,21098.0,25.662,2.615273997410807e-9
4,21108.0,21108.0,25.411,2.398894650466502e-9
4,21118.0,21118.0,25.143,2.536542269163174e-9
4,21128.0,21128.0,24.879,2.473559531820064e-9
4,21138.0,21138.0,24.62,2.402476139017746e-9
4,21148.0,21148.0,24.379,2.213974228663181e-9
4,21159.0,21159.0,24.125,2.3110290814266095e-9
4,21169.0,21169.0,23.876,2.2431017554912277e-9
4,21179.0,21179.0,23.627,2.220878682619635e-9
4,21189.0,21189.0,23.383,2.1547135297089144e-9
4,21199.0,21199.0,23.131,2.2029193836570153e-9
4,21209.0,21209.0,22.873,2.2316932147661946e-9
4,21219.0,21219.0,22.617,2.1906843973855396e-9
4,21229.0,21229.0,22.349,2.26802369432701e-9
4,21239.0,21239.0,22.086,2.20046263325453e-9
4,21249.0,21249.0,21.83,2.1178745832891617e-9
4,21259.0,21259.0,21.566,2.159212866601697e-9
4,21269.0,21269.0,21.309,2.0777023346933763e-9
4,21279.0,21279.0,21.049,2.0775859933835324e-9
4,21289.0,21289.0,20.782,2.1079668182668283e-9
4,21299.0,21299.0,20.516,2.074287118135058e-9
4,21309.0,21309.0,20.271,1.8877736369663652e-9
4,21319.0,21319.0,20.052,1.669024763507002e-9
4,21329.0,21329.0,19.819,1.7566390938541504e-9
4,21339.0,21339.0,19.558,1.9442683053971283e-9
4,21349.0,21349.0,19.341,1.5976244856279822e-9
4,21359.0,21359.0,19.15,1.3921065516958007e-9
4,21369.0,21369.0,18.981,1.2208100583092543e-9
4,21379.0,21379.0,18.725,1.8295185443645153e-9
4,21389.0,21389.0,18.484,1.7004134113088615e-9
4,21399.0,21399.0,18.238,1.713775430434994e-9
4,21409.0,21409.0,17.991,1.6984340279920262e-9
4,21419.0,21419.0,17.766,1.5277130328919479e-9
4,21429.0,21429.0,17.511,1.7089632770963576e-9
4,21439.0,21439.0,17.337,1.1524726582365398e-9
4,21449.0,21449.0,17.208,8.473853602561973e-10
4,21479.0,21479.0,17.069,9.072577002276798e-10
4,21489.0,21489.0,16.967,6.613843173680724e-10
4,21509.0,21509.0,16.947,1.2933862249008632e-10
4,21519.0,21519.0,16.774,1.1129294482165064e-9
4,21529.0,21529.0,16.767,4.481226593144576e-11
4,21539.0,21539.0,16.723,2.813794396599204e-10
4,21549.0,21549.0,16.539,1.1692094142121309e-9
4,21559.0,21559.0,16.488,3.219340515393752e-10
4,21569.0,21569.0,16.439,3.085156890840553e-10
4,21579.0,21579.0,16.266,1.0824069490686054e-9
4,21589.0,21589.0,16.185,5.03088777792133e-10
4,21609.0,21609.0,16.151,2.1061964812334602e-10
4,21619.0,21619.0,16.101,3.090731348795403e-10
4,21629.0,21629.0,16.096,3.086887859559258e-11
4,21639.0,21639.0,16.088,4.9393089707448406e-11
4,21649.0,21649.0,16.064,1.4810034679937692e-10
4,21659.0,21659.0,16.037,1.6642544513743256e-10
4,21669.0,21669.0,16.0,2.2771489288594393e-10
4,21679.0,21679.0,15.926,4.540612857276616e-10
4,21689.0,21689.0,15.758,1.0234999251945283e-9
4,21699.0,21699.0,15.629,7.788937835048172e-10
4,21800.0,21800.0,15.495,8.060383378356253e-10
4,21810.0,21810.0,15.296,1.1847631448792707e-9
4,21830.0,21830.0,15.277,1.1242021023646808e-10
4,21840.0,21840.0,15.197,4.720316120501709e-10
4,21850.0,21850.0,15.153,2.5867938119022435e-10
4,21860.0,21860.0,15.098,3.2244198261704726e-10
4,21870.0,21870.0,15.066,1.8714864782854902e-10
4,21880.0,21880.0,14.911,9.012933856491305e-10
4,21890.0,21890.0,14.898,7.520306151488988e-11
4,21900.0,21900.0,14.815,4.788149593064339e-10
4,21920.0,21920.0,14.708,6.138804660869989e-10
4,21960.0,21960.0,14.642,3.7712331006529603e-10
4,21980.0,21980.0,14.552,5.119915594435436e-10
4,22010.0,22010.0,14.494,3.287254808346548e-10
4,22020.0,22020.0,14.336,8.892380632957984e-10
4,22030.0,22030.0,14.158,9.905739883493863e-10
4,22040.0,22040.0,14.048,6.062402640203358e-10
4,22050.0,22050.0,13.959,4.872638495936891e-10
4,22060.0,22060.0,13.903,3.0514399174160746e-10
4,22070.0,22070.0,13.861,2.2815640199789366e-10
4,22080.0,22080.0,13.822,2.1133714150484023e-10
4,22090.0,22090.0,13.774,2.5940723802740476e-10
4,22100.0,22100.0,13.737,1.9943408032455717e-10
4,22100.0,22100.0,13.737,4501561.806495
