fixIdx,time,lat,lng,alt,tickLead,tickRace,zoneIdx,legIdx,togo,area
1,2015-01-08T02:16:22Z,-33.35533333,147.93416667,236.00,-1592.42160496566,-1592.42160496566,1,0,122.142,
2,2015-01-08T02:16:26Z,-33.35480000,147.93395000,241.00,-1588.42160496566,-1588.42160496566,2,0,122.204,
3,2015-01-08T02:16:30Z,-33.35430000,147.93383333,257.00,-1584.42160496566,-1584.42160496566,3,0,122.261,
4,2015-01-08T02:16:34Z,-33.35378333,147.93371667,266.00,-1580.42160496566,-1580.42160496566,4,0,122.319,
5,2015-01-08T02:16:38Z,-33.35333333,147.93353333,271.00,-1576.42160496566,-1576.42160496566,5,0,122.372,
6,2015-01-08T02:16:42Z,-33.35283333,147.93350000,280.00,-1572.42160496566,-1572.42160496566,6,0,122.427,
7,2015-01-08T02:16:46Z,-33.35238333,147.93341667,289.00,-1568.42160496566,-1568.42160496566,7,0,122.477,
8,2015-01-08T02:16:50Z,-33.35196667,147.93336667,304.00,-1564.42160496566,-1564.42160496566,8,0,122.523,
9,2015-01-08T02:16:54Z,-33.35158333,147.93333333,317.00,-1560.42160496566,-1560.42160496566,9,0,122.565,
10,2015-01-08T02:16:58Z,-33.35116667,147.93341667,323.00,-1556.42160496566,-1556.42160496566,10,0,122.609,
11,2015-01-08T02:17:02Z,-33.35075000,147.93336667,331.00,-1552.42160496566,-1552.42160496566,11,0,122.655,
12,2015-01-08T02:17:06Z,-33.35036667,147.93336667,334.00,-1548.42160496566,-1548.42160496566,12,0,122.696,
13,2015-01-08T02:17:10Z,-33.35008333,147.93330000,354.00,-1544.42160496566,-1544.42160496566,13,0,122.728,
14,2015-01-08T02:17:14Z,-33.34958333,147.93330000,356.00,-1540.42160496566,-1540.42160496566,14,0,122.782,
15,2015-01-08T02:17:18Z,-33.34920000,147.93330000,358.00,-1536.42160496566,-1536.42160496566,15,0,122.824,
16,2015-01-08T02:17:22Z,-33.34908333,147.93325000,374.00,-1532.42160496566,-1532.42160496566,16,0,122.837,
17,2015-01-08T02:17:26Z,-33.34858333,147.93283333,377.00,-1528.42160496566,-1528.42160496566,17,0,122.901,
18,2015-01-08T02:17:30Z,-33.34825000,147.93233333,387.00,-1524.42160496566,-1524.42160496566,18,0,122.947,
19,2015-01-08T02:17:34Z,-33.34800000,147.93200000,402.00,-1520.42160496566,-1520.42160496566,19,0,122.982,
20,2015-01-08T02:17:38Z,-33.34775000,147.93136667,407.00,-1516.42160496566,-1516.42160496566,20,0,123.022,
21,2015-01-08T02:17:42Z,-33.34758333,147.93075000,413.00,-1512.42160496566,-1512.42160496566,21,0,123.054,
22,2015-01-08T02:17:46Z,-33.34750000,147.93008333,422.00,-1508.42160496566,-1508.42160496566,22,0,123.078,
23,2015-01-08T02:17:50Z,-33.34750000,147.92936667,436.00,-1504.42160496566,-1504.42160496566,23,0,123.093,
24,2015-01-08T02:17:54Z,-33.34766667,147.92866667,450.00,-1500.42160496566,-1500.42160496566,24,0,123.091,
25,2015-01-08T02:17:58Z,-33.34795000,147.92791667,470.00,-1496.42160496566,-1496.42160496566,25,0,123.077,
26,2015-01-08T02:18:02Z,-33.34833333,147.92725000,492.00,-1492.42160496566,-1492.42160496566,26,0,123.05,
27,2015-01-08T02:18:06Z,-33.34891667,147.92666667,512.00,-1488.42160496566,-1488.42160496566,27,0,123.001,
28,2015-01-08T02:18:10Z,-33.34955000,147.92630000,529.00,-1484.42160496566,-1484.42160496566,28,0,122.941,
29,2015-01-08T02:18:14Z,-33.35033333,147.92596667,539.00,-1480.42160496566,-1480.42160496566,29,0,122.864,
30,2015-01-08T02:18:18Z,-33.35116667,147.92575000,541.00,-1476.42160496566,-1476.42160496566,30,0,122.779,
31,2015-01-08T02:18:22Z,-33.35183333,147.92575000,551.00,-1472.42160496566,-1472.42160496566,31,0,122.707,
32,2015-01-08T02:18:26Z,-33.35266667,147.92591667,567.00,-1468.42160496566,-1468.42160496566,32,0,122.613,
33,2015-01-08T02:18:30Z,-33.35346667,147.92638333,580.00,-1464.42160496566,-1464.42160496566,33,0,122.516,
34,2015-01-08T02:18:34Z,-33.35425000,147.92691667,598.00,-1460.42160496566,-1460.42160496566,34,0,122.42,
35,2015-01-08T02:18:38Z,-33.35508333,147.92745000,606.00,-1456.42160496566,-1456.42160496566,35,0,122.318,
36,2015-01-08T02:18:42Z,-33.35558333,147.92791667,619.00,-1452.42160496566,-1452.42160496566,36,0,122.253,
37,2015-01-08T02:18:46Z,-33.35620000,147.92838333,632.00,-1448.42160496566,-1448.42160496566,37,0,122.176,
38,2015-01-08T02:18:50Z,-33.35661667,147.92861667,645.00,-1444.42160496566,-1444.42160496566,38,0,122.126,
39,2015-01-08T02:18:54Z,-33.35775000,147.92958333,657.00,-1440.42160496566,-1440.42160496566,39,0,121.982,
40,2015-01-08T02:18:58Z,-33.35846667,147.93005000,664.00,-1436.42160496566,-1436.42160496566,1,1,121.894,
41,2015-01-08T02:19:02Z,-33.35921667,147.93108333,683.00,-1432.42160496566,-1432.42160496566,2,1,121.79,
42,2015-01-08T02:19:06Z,-33.35983333,147.93178333,702.00,-1428.42160496566,-1428.42160496566,3,1,121.708,
43,2015-01-08T02:19:10Z,-33.36121667,147.93213333,716.00,-1424.42160496566,-1424.42160496566,4,1,121.551,
44,2015-01-08T02:19:14Z,-33.36166667,147.93275000,737.00,-1420.42160496566,-1420.42160496566,5,1,121.489,
45,2015-01-08T02:19:18Z,-33.36228333,147.93366667,747.00,-1416.42160496566,-1416.42160496566,6,1,121.402,
46,2015-01-08T02:19:22Z,-33.36280000,147.93441667,759.00,-1412.42160496566,-1412.42160496566,7,1,121.329,
47,2015-01-08T02:19:26Z,-33.36330000,147.93516667,771.00,-1408.42160496566,-1408.42160496566,8,1,121.259,
48,2015-01-08T02:19:30Z,-33.36383333,147.93591667,778.00,-1404.42160496566,-1404.42160496566,9,1,121.185,
49,2015-01-08T02:19:34Z,-33.36433333,147.93658333,787.00,-1400.42160496566,-1400.42160496566,10,1,121.116,
50,2015-01-08T02:19:38Z,-33.36480000,147.93733333,798.00,-1396.42160496566,-1396.42160496566,11,1,121.05,
51,2015-01-08T02:19:42Z,-33.36500000,147.93821667,803.00,-1392.42160496566,-1392.42160496566,12,1,121.009,
52,2015-01-08T02:19:46Z,-33.36491667,147.93905000,810.00,-1388.42160496566,-1388.42160496566,13,1,121.0,
53,2015-01-08T02:19:50Z,-33.36470000,147.93975000,827.00,-1384.42160496566,-1384.42160496566,14,1,121.009,
54,2015-01-08T02:19:54Z,-33.36458333,147.94008333,842.00,-1380.42160496566,-1380.42160496566,15,1,121.014,
55,2015-01-08T02:19:58Z,-33.36400000,147.94083333,849.00,-1376.42160496566,-1376.42160496566,16,1,121.061,
56,2015-01-08T02:20:02Z,-33.36371667,147.94108333,850.00,-1372.42160496566,-1372.42160496566,17,1,121.087,
57,2015-01-08T02:20:06Z,-33.36353333,147.94070000,836.00,-1368.42160496566,-1368.42160496566,18,1,121.115,
58,2015-01-08T02:20:10Z,-33.36371667,147.94016667,831.00,-1364.42160496566,-1364.42160496566,19,1,121.106,
59,2015-01-08T02:20:14Z,-33.36378333,147.93971667,829.00,-1360.42160496566,-1360.42160496566,20,1,121.109,
60,2015-01-08T02:20:18Z,-33.36378333,147.93908333,820.00,-1356.42160496566,-1356.42160496566,21,1,121.122,
61,2015-01-08T02:20:22Z,-33.36386667,147.93850000,818.00,-1352.42160496566,-1352.42160496566,22,1,121.125,
62,2015-01-08T02:20:26Z,-33.36391667,147.93813333,817.00,-1348.42160496566,-1348.42160496566,23,1,121.128,
63,2015-01-08T02:20:30Z,-33.36425000,147.93753333,815.00,-1344.42160496566,-1344.42160496566,24,1,121.105,
64,2015-01-08T02:20:34Z,-33.36461667,147.93703333,813.00,-1340.42160496566,-1340.42160496566,25,1,121.076,
65,2015-01-08T02:20:38Z,-33.36480000,147.93661667,810.00,-1336.42160496566,-1336.42160496566,26,1,121.065,
66,2015-01-08T02:20:42Z,-33.36491667,147.93591667,805.00,-1332.42160496566,-1332.42160496566,27,1,121.068,
67,2015-01-08T02:20:46Z,-33.36500000,147.93533333,805.00,-1328.42160496566,-1328.42160496566,28,1,121.071,
68,2015-01-08T02:20:50Z,-33.36508333,147.93480000,807.00,-1324.42160496566,-1324.42160496566,29,1,121.074,
69,2015-01-08T02:20:54Z,-33.36525000,147.93425000,814.00,-1320.42160496566,-1320.42160496566,30,1,121.068,
70,2015-01-08T02:20:58Z,-33.36578333,147.93405000,821.00,-1316.42160496566,-1316.42160496566,31,1,121.015,
71,2015-01-08T02:21:02Z,-33.36641667,147.93450000,827.00,-1312.42160496566,-1312.42160496566,32,1,120.937,
72,2015-01-08T02:21:06Z,-33.36636667,147.93508333,834.00,-1308.42160496566,-1308.42160496566,33,1,120.929,
73,2015-01-08T02:21:10Z,-33.36605000,147.93496667,833.00,-1304.42160496566,-1304.42160496566,34,1,120.966,
74,2015-01-08T02:21:14Z,-33.36616667,147.93441667,845.00,-1300.42160496566,-1300.42160496566,35,1,120.966,
75,2015-01-08T02:21:18Z,-33.36650000,147.93386667,852.00,-1296.42160496566,-1296.42160496566,36,1,120.942,
76,2015-01-08T02:21:22Z,-33.36716667,147.93358333,849.00,-1292.42160496566,-1292.42160496566,37,1,120.876,
77,2015-01-08T02:21:26Z,-33.36775000,147.93416667,845.00,-1288.42160496566,-1288.42160496566,38,1,120.8,
78,2015-01-08T02:21:30Z,-33.36780000,147.93496667,844.00,-1284.42160496566,-1284.42160496566,39,1,120.777,
79,2015-01-08T02:21:34Z,-33.36753333,147.93545000,852.00,-1280.42160496566,-1280.42160496566,40,1,120.795,
80,2015-01-08T02:21:38Z,-33.36730000,147.93521667,857.00,-1276.42160496566,-1276.42160496566,41,1,120.826,
81,2015-01-08T02:21:42Z,-33.36783333,147.93475000,857.00,-1272.42160496566,-1272.42160496566,42,1,120.778,
82,2015-01-08T02:21:46Z,-33.36841667,147.93525000,862.00,-1268.42160496566,-1268.42160496566,43,1,120.704,
83,2015-01-08T02:21:50Z,-33.36833333,147.93580000,867.00,-1264.42160496566,-1264.42160496566,44,1,120.701,
84,2015-01-08T02:21:54Z,-33.36800000,147.93563333,871.00,-1260.42160496566,-1260.42160496566,45,1,120.741,
85,2015-01-08T02:21:58Z,-33.36791667,147.93521667,872.00,-1256.42160496566,-1256.42160496566,46,1,120.759,
86,2015-01-08T02:22:02Z,-33.36841667,147.93475000,869.00,-1252.42160496566,-1252.42160496566,47,1,120.715,
87,2015-01-08T02:22:06Z,-33.36916667,147.93480000,875.00,-1248.42160496566,-1248.42160496566,48,1,120.633,
88,2015-01-08T02:22:10Z,-33.36958333,147.93545000,872.00,-1244.42160496566,-1244.42160496566,49,1,120.574,
89,2015-01-08T02:22:14Z,-33.36966667,147.93620000,879.00,-1240.42160496566,-1240.42160496566,50,1,120.548,
90,2015-01-08T02:22:18Z,-33.36945000,147.93658333,885.00,-1236.42160496566,-1236.42160496566,51,1,120.563,
91,2015-01-08T02:22:22Z,-33.36925000,147.93625000,882.00,-1232.42160496566,-1232.42160496566,52,1,120.592,
92,2015-01-08T02:22:26Z,-33.36930000,147.93571667,886.00,-1228.42160496566,-1228.42160496566,53,1,120.599,
93,2015-01-08T02:22:30Z,-33.36966667,147.93516667,891.00,-1224.42160496566,-1224.42160496566,54,1,120.571,
94,2015-01-08T02:22:34Z,-33.37016667,147.93516667,893.00,-1220.42160496566,-1220.42160496566,55,1,120.517,
95,2015-01-08T02:22:38Z,-33.37036667,147.93541667,894.00,-1216.42160496566,-1216.42160496566,56,1,120.49,
96,2015-01-08T02:22:42Z,-33.37055000,147.93650000,898.00,-1212.42160496566,-1212.42160496566,57,1,120.446,
97,2015-01-08T02:22:46Z,-33.37025000,147.93666667,906.00,-1208.42160496566,-1208.42160496566,58,1,120.475,
98,2015-01-08T02:22:50Z,-33.37013333,147.93633333,911.00,-1204.42160496566,-1204.42160496566,59,1,120.495,
99,2015-01-08T02:22:54Z,-33.37055000,147.93571667,914.00,-1200.42160496566,-1200.42160496566,60,1,120.464,
100,2015-01-08T02:22:58Z,-33.37120000,147.93566667,919.00,-1196.42160496566,-1196.42160496566,61,1,120.394,
101,2015-01-08T02:23:02Z,-33.37166667,147.93625000,924.00,-1192.42160496566,-1192.42160496566,62,1,120.331,
102,2015-01-08T02:23:06Z,-33.37141667,147.93666667,927.00,-1188.42160496566,-1188.42160496566,63,1,120.349,
103,2015-01-08T02:23:10Z,-33.37108333,147.93646667,932.00,-1184.42160496566,-1184.42160496566,64,1,120.389,
104,2015-01-08T02:23:14Z,-33.37091667,147.93591667,937.00,-1180.42160496566,-1180.42160496566,65,1,120.42,
105,2015-01-08T02:23:18Z,-33.37096667,147.93533333,947.00,-1176.42160496566,-1176.42160496566,66,1,120.427,
106,2015-01-08T02:23:22Z,-33.37150000,147.93500000,955.00,-1172.42160496566,-1172.42160496566,67,1,120.377,
107,2015-01-08T02:23:26Z,-33.37200000,147.93563333,958.00,-1168.42160496566,-1168.42160496566,68,1,120.309,
108,2015-01-08T02:23:30Z,-33.37180000,147.93616667,969.00,-1164.42160496566,-1164.42160496566,69,1,120.319,
109,2015-01-08T02:23:34Z,-33.37153333,147.93608333,977.00,-1160.42160496566,-1160.42160496566,70,1,120.349,
110,2015-01-08T02:23:38Z,-33.37141667,147.93541667,985.00,-1156.42160496566,-1156.42160496566,71,1,120.377,
111,2015-01-08T02:23:42Z,-33.37150000,147.93516667,994.00,-1152.42160496566,-1152.42160496566,72,1,120.373,
112,2015-01-08T02:23:46Z,-33.37245000,147.93508333,987.00,-1148.42160496566,-1148.42160496566,73,1,120.272,
113,2015-01-08T02:23:50Z,-33.37296667,147.93571667,997.00,-1144.42160496566,-1144.42160496566,74,1,120.203,
114,2015-01-08T02:23:54Z,-33.37278333,147.93608333,1006.00,-1140.42160496566,-1140.42160496566,75,1,120.214,
115,2015-01-08T02:23:58Z,-33.37241667,147.93636667,1017.00,-1136.42160496566,-1136.42160496566,76,1,120.248,
116,2015-01-08T02:24:02Z,-33.37216667,147.93616667,1028.00,-1132.42160496566,-1132.42160496566,77,1,120.279,
117,2015-01-08T02:24:06Z,-33.37228333,147.93591667,1034.00,-1128.42160496566,-1128.42160496566,78,1,120.272,
118,2015-01-08T02:24:10Z,-33.37341667,147.93591667,1043.00,-1124.42160496566,-1124.42160496566,79,1,120.15,
119,2015-01-08T02:24:14Z,-33.37375000,147.93661667,1049.00,-1120.42160496566,-1120.42160496566,80,1,120.098,
120,2015-01-08T02:24:18Z,-33.37358333,147.93716667,1059.00,-1116.42160496566,-1116.42160496566,81,1,120.104,
121,2015-01-08T02:24:22Z,-33.37330000,147.93683333,1060.00,-1112.42160496566,-1112.42160496566,82,1,120.142,
122,2015-01-08T02:24:26Z,-33.37371667,147.93633333,1070.00,-1108.42160496566,-1108.42160496566,83,1,120.108,
123,2015-01-08T02:24:30Z,-33.37441667,147.93650000,1081.00,-1104.42160496566,-1104.42160496566,84,1,120.029,
124,2015-01-08T02:24:34Z,-33.37483333,147.93716667,1089.00,-1100.42160496566,-1100.42160496566,85,1,119.969,
125,2015-01-08T02:24:38Z,-33.37475000,147.93775000,1100.00,-1096.42160496566,-1096.42160496566,86,1,119.965,
126,2015-01-08T02:24:42Z,-33.37436667,147.93775000,1103.00,-1092.42160496566,-1092.42160496566,87,1,120.006,
127,2015-01-08T02:24:46Z,-33.37433333,147.93720000,1117.00,-1088.42160496566,-1088.42160496566,88,1,120.022,
128,2015-01-08T02:24:50Z,-33.37491667,147.93696667,1123.00,-1084.42160496566,-1084.42160496566,89,1,119.964,
129,2015-01-08T02:24:54Z,-33.37553333,147.93745000,1133.00,-1080.42160496566,-1080.42160496566,90,1,119.887,
130,2015-01-08T02:24:58Z,-33.37566667,147.93816667,1147.00,-1076.42160496566,-1076.42160496566,91,1,119.857,
131,2015-01-08T02:25:02Z,-33.37525000,147.93833333,1149.00,-1072.42160496566,-1072.42160496566,92,1,119.898,
132,2015-01-08T02:25:06Z,-33.37496667,147.93805000,1165.00,-1068.42160496566,-1068.42160496566,93,1,119.935,
133,2015-01-08T02:25:10Z,-33.37525000,147.93750000,1168.00,-1064.42160496566,-1064.42160496566,94,1,119.917,
134,2015-01-08T02:25:14Z,-33.37591667,147.93758333,1178.00,-1060.42160496566,-1060.42160496566,95,1,119.843,
135,2015-01-08T02:25:18Z,-33.37616667,147.93833333,1183.00,-1056.42160496566,-1056.42160496566,96,1,119.799,
136,2015-01-08T02:25:22Z,-33.37583333,147.93866667,1194.00,-1052.42160496566,-1052.42160496566,97,1,119.828,
137,2015-01-08T02:25:26Z,-33.37570000,147.93821667,1203.00,-1048.42160496566,-1048.42160496566,98,1,119.852,
138,2015-01-08T02:25:30Z,-33.37621667,147.93786667,1208.00,-1044.42160496566,-1044.42160496566,99,1,119.804,
139,2015-01-08T02:25:34Z,-33.37686667,147.93821667,1217.00,-1040.42160496566,-1040.42160496566,100,1,119.726,
140,2015-01-08T02:25:38Z,-33.37713333,147.93891667,1229.00,-1036.42160496566,-1036.42160496566,101,1,119.682,
141,2015-01-08T02:25:42Z,-33.37691667,147.93933333,1238.00,-1032.42160496566,-1032.42160496566,102,1,119.696,
142,2015-01-08T02:25:46Z,-33.37666667,147.93900000,1245.00,-1028.42160496566,-1028.42160496566,103,1,119.731,
143,2015-01-08T02:25:50Z,-33.37708333,147.93858333,1255.00,-1024.42160496566,-1024.42160496566,104,1,119.695,
144,2015-01-08T02:25:54Z,-33.37766667,147.93875000,1262.00,-1020.42160496566,-1020.42160496566,105,1,119.628,
145,2015-01-08T02:25:58Z,-33.37788333,147.93950000,1273.00,-1016.42160496566,-1016.42160496566,106,1,119.588,
146,2015-01-08T02:26:02Z,-33.37758333,147.93980000,1282.00,-1012.42160496566,-1012.42160496566,107,1,119.614,
147,2015-01-08T02:26:06Z,-33.37741667,147.93938333,1290.00,-1008.42160496566,-1008.42160496566,108,1,119.641,
148,2015-01-08T02:26:10Z,-33.37791667,147.93905000,1295.00,-1004.42160496566,-1004.42160496566,109,1,119.594,
149,2015-01-08T02:26:14Z,-33.37858333,147.93945000,1300.00,-1000.42160496566,-1000.42160496566,110,1,119.514,
150,2015-01-08T02:26:18Z,-33.37863333,147.94013333,1314.00,-996.42160496566,-996.42160496566,111,1,119.493,
151,2015-01-08T02:26:22Z,-33.37825000,147.94016667,1319.00,-992.42160496566,-992.42160496566,112,1,119.534,
152,2015-01-08T02:26:26Z,-33.37825000,147.93971667,1327.00,-988.42160496566,-988.42160496566,113,1,119.544,
153,2015-01-08T02:26:30Z,-33.37886667,147.93938333,1327.00,-984.42160496566,-984.42160496566,114,1,119.484,
154,2015-01-08T02:26:34Z,-33.37955000,147.93966667,1338.00,-980.42160496566,-980.42160496566,115,1,119.404,
155,2015-01-08T02:26:38Z,-33.37970000,147.94050000,1345.00,-976.42160496566,-976.42160496566,116,1,119.37,
156,2015-01-08T02:26:42Z,-33.37946667,147.94091667,1358.00,-972.42160496566,-972.42160496566,117,1,119.386,
157,2015-01-08T02:26:46Z,-33.37925000,147.94063333,1363.00,-968.42160496566,-968.42160496566,118,1,119.416,
158,2015-01-08T02:26:50Z,-33.37933333,147.94008333,1373.00,-964.42160496566,-964.42160496566,119,1,119.419,
159,2015-01-08T02:26:54Z,-33.37988333,147.93983333,1381.00,-960.42160496566,-960.42160496566,120,1,119.365,
160,2015-01-08T02:26:58Z,-33.38041667,147.94028333,1383.00,-956.42160496566,-956.42160496566,121,1,119.297,
161,2015-01-08T02:27:02Z,-33.38045000,147.94105000,1390.00,-952.42160496566,-952.42160496566,122,1,119.277,
162,2015-01-08T02:27:06Z,-33.38008333,147.94125000,1395.00,-948.42160496566,-948.42160496566,123,1,119.312,
163,2015-01-08T02:27:10Z,-33.37988333,147.94088333,1406.00,-944.42160496566,-944.42160496566,124,1,119.342,
164,2015-01-08T02:27:14Z,-33.38016667,147.94036667,1407.00,-940.42160496566,-940.42160496566,125,1,119.322,
165,2015-01-08T02:27:18Z,-33.38050000,147.94028333,1415.00,-936.42160496566,-936.42160496566,126,1,119.288,
166,2015-01-08T02:27:22Z,-33.38125000,147.94083333,1412.00,-932.42160496566,-932.42160496566,127,1,119.195,
167,2015-01-08T02:27:26Z,-33.38141667,147.94166667,1418.00,-928.42160496566,-928.42160496566,128,1,119.159,
168,2015-01-08T02:27:30Z,-33.38116667,147.94216667,1427.00,-924.42160496566,-924.42160496566,129,1,119.175,
169,2015-01-08T02:27:34Z,-33.38086667,147.94188333,1429.00,-920.42160496566,-920.42160496566,130,1,119.214,
170,2015-01-08T02:27:38Z,-33.38100000,147.94133333,1435.00,-916.42160496566,-916.42160496566,131,1,119.211,
171,2015-01-08T02:27:42Z,-33.38166667,147.94125000,1439.00,-912.42160496566,-912.42160496566,132,1,119.141,
172,2015-01-08T02:27:46Z,-33.38220000,147.94191667,1441.00,-908.42160496566,-908.42160496566,133,1,119.069,
173,2015-01-08T02:27:50Z,-33.38216667,147.94263333,1446.00,-904.42160496566,-904.42160496566,134,1,119.057,
174,2015-01-08T02:27:54Z,-33.38178333,147.94270000,1452.00,-900.42160496566,-900.42160496566,135,1,119.097,
175,2015-01-08T02:27:58Z,-33.38191667,147.94221667,1454.00,-896.42160496566,-896.42160496566,136,1,119.093,
176,2015-01-08T02:28:02Z,-33.38250000,147.94203333,1461.00,-892.42160496566,-892.42160496566,137,1,119.034,
177,2015-01-08T02:28:06Z,-33.38308333,147.94258333,1459.00,-888.42160496566,-888.42160496566,138,1,118.959,
178,2015-01-08T02:28:10Z,-33.38328333,147.94346667,1467.00,-884.42160496566,-884.42160496566,139,1,118.918,
179,2015-01-08T02:28:14Z,-33.38300000,147.94391667,1471.00,-880.42160496566,-880.42160496566,140,1,118.939,
180,2015-01-08T02:28:18Z,-33.38280000,147.94371667,1478.00,-876.42160496566,-876.42160496566,141,1,118.965,
181,2015-01-08T02:28:22Z,-33.38325000,147.94325000,1481.00,-872.42160496566,-872.42160496566,142,1,118.927,
182,2015-01-08T02:28:26Z,-33.38388333,147.94353333,1493.00,-868.42160496566,-868.42160496566,143,1,118.852,
183,2015-01-08T02:28:30Z,-33.38388333,147.94436667,1489.00,-864.42160496566,-864.42160496566,144,1,118.834,
184,2015-01-08T02:28:34Z,-33.38350000,147.94450000,1491.00,-860.42160496566,-860.42160496566,145,1,118.873,
185,2015-01-08T02:28:38Z,-33.38328333,147.94433333,1497.00,-856.42160496566,-856.42160496566,146,1,118.9,
186,2015-01-08T02:28:42Z,-33.38350000,147.94395000,1501.00,-852.42160496566,-852.42160496566,147,1,118.884,
187,2015-01-08T02:28:46Z,-33.38416667,147.94403333,1500.00,-848.42160496566,-848.42160496566,148,1,118.811,
188,2015-01-08T02:28:50Z,-33.38483333,147.94458333,1498.00,-844.42160496566,-844.42160496566,149,1,118.727,
189,2015-01-08T02:28:54Z,-33.38533333,147.94520000,1503.00,-840.42160496566,-840.42160496566,150,1,118.659,
190,2015-01-08T02:28:58Z,-33.38555000,147.94600000,1507.00,-836.42160496566,-836.42160496566,151,1,118.619,
191,2015-01-08T02:29:02Z,-33.38525000,147.94650000,1510.00,-832.42160496566,-832.42160496566,152,1,118.641,
192,2015-01-08T02:29:06Z,-33.38483333,147.94641667,1509.00,-828.42160496566,-828.42160496566,153,1,118.688,
193,2015-01-08T02:29:10Z,-33.38458333,147.94595000,1511.00,-824.42160496566,-824.42160496566,154,1,118.725,
194,2015-01-08T02:29:14Z,-33.38471667,147.94553333,1519.00,-820.42160496566,-820.42160496566,155,1,118.719,
195,2015-01-08T02:29:18Z,-33.38525000,147.94538333,1520.00,-816.42160496566,-816.42160496566,156,1,118.664,
196,2015-01-08T02:29:22Z,-33.38591667,147.94591667,1520.00,-812.42160496566,-812.42160496566,157,1,118.581,
197,2015-01-08T02:29:26Z,-33.38608333,147.94666667,1527.00,-808.42160496566,-808.42160496566,158,1,118.547,
198,2015-01-08T02:29:30Z,-33.38570000,147.94691667,1526.00,-804.42160496566,-804.42160496566,159,1,118.583,
199,2015-01-08T02:29:34Z,-33.38541667,147.94650000,1525.00,-800.42160496566,-800.42160496566,160,1,118.623,
200,2015-01-08T02:29:38Z,-33.38558333,147.94611667,1533.00,-796.42160496566,-796.42160496566,161,1,118.613,
201,2015-01-08T02:29:42Z,-33.38616667,147.94630000,1523.00,-792.42160496566,-792.42160496566,162,1,118.546,
202,2015-01-08T02:29:46Z,-33.38641667,147.94720000,1521.00,-788.42160496566,-788.42160496566,163,1,118.5,
203,2015-01-08T02:29:50Z,-33.38620000,147.94791667,1527.00,-784.42160496566,-784.42160496566,164,1,118.508,
204,2015-01-08T02:29:54Z,-33.38578333,147.94800000,1525.00,-780.42160496566,-780.42160496566,165,1,118.552,
205,2015-01-08T02:29:58Z,-33.38558333,147.94741667,1520.00,-776.42160496566,-776.42160496566,166,1,118.585,
206,2015-01-08T02:30:02Z,-33.38583333,147.94686667,1520.00,-772.42160496566,-772.42160496566,167,1,118.57,
207,2015-01-08T02:30:06Z,-33.38630000,147.94658333,1518.00,-768.42160496566,-768.42160496566,168,1,118.525,
208,2015-01-08T02:30:10Z,-33.38686667,147.94700000,1510.00,-764.42160496566,-764.42160496566,169,1,118.455,
209,2015-01-08T02:30:14Z,-33.38700000,147.94788333,1505.00,-760.42160496566,-760.42160496566,170,1,118.422,
210,2015-01-08T02:30:18Z,-33.38666667,147.94833333,1506.00,-756.42160496566,-756.42160496566,171,1,118.449,
211,2015-01-08T02:30:22Z,-33.38616667,147.94841667,1495.00,-752.42160496566,-752.42160496566,172,1,118.501,
212,2015-01-08T02:30:26Z,-33.38575000,147.94803333,1489.00,-748.42160496566,-748.42160496566,173,1,118.554,
213,2015-01-08T02:30:30Z,-33.38558333,147.94758333,1488.00,-744.42160496566,-744.42160496566,174,1,118.582,
214,2015-01-08T02:30:34Z,-33.38533333,147.94713333,1479.00,-740.42160496566,-740.42160496566,175,1,118.618,
215,2015-01-08T02:30:38Z,-33.38503333,147.94671667,1481.00,-736.42160496566,-736.42160496566,176,1,118.66,
216,2015-01-08T02:30:42Z,-33.38491667,147.94616667,1481.00,-732.42160496566,-732.42160496566,177,1,118.684,
217,2015-01-08T02:30:46Z,-33.38491667,147.94561667,1488.00,-728.42160496566,-728.42160496566,178,1,118.696,
218,2015-01-08T02:30:50Z,-33.38521667,147.94520000,1488.00,-724.42160496566,-724.42160496566,179,1,118.672,
219,2015-01-08T02:30:54Z,-33.38575000,147.94550000,1485.00,-720.42160496566,-720.42160496566,180,1,118.608,
220,2015-01-08T02:30:58Z,-33.38600000,147.94625000,1484.00,-716.42160496566,-716.42160496566,181,1,118.565,
221,2015-01-08T02:31:02Z,-33.38608333,147.94700000,1484.00,-712.42160496566,-712.42160496566,182,1,118.54,
222,2015-01-08T02:31:06Z,-33.38611667,147.94775000,1490.00,-708.42160496566,-708.42160496566,183,1,118.521,
223,2015-01-08T02:31:10Z,-33.38588333,147.94830000,1488.00,-704.42160496566,-704.42160496566,184,1,118.534,
224,2015-01-08T02:31:14Z,-33.38536667,147.94833333,1481.00,-700.42160496566,-700.42160496566,185,1,118.59,
225,2015-01-08T02:31:18Z,-33.38525000,147.94775000,1476.00,-696.42160496566,-696.42160496566,186,1,118.615,
226,2015-01-08T02:31:22Z,-33.38555000,147.94725000,1480.00,-692.42160496566,-692.42160496566,187,1,118.593,
227,2015-01-08T02:31:26Z,-33.38600000,147.94691667,1479.00,-688.42160496566,-688.42160496566,188,1,118.551,
228,2015-01-08T02:31:30Z,-33.38661667,147.94700000,1477.00,-684.42160496566,-684.42160496566,189,1,118.482,
229,2015-01-08T02:31:34Z,-33.38713333,147.94766667,1476.00,-680.42160496566,-680.42160496566,190,1,118.412,
230,2015-01-08T02:31:38Z,-33.38733333,147.94841667,1480.00,-676.42160496566,-676.42160496566,191,1,118.375,
231,2015-01-08T02:31:42Z,-33.38700000,147.94886667,1473.00,-672.42160496566,-672.42160496566,192,1,118.402,
232,2015-01-08T02:31:46Z,-33.38650000,147.94875000,1473.00,-668.42160496566,-668.42160496566,193,1,118.458,
233,2015-01-08T02:31:50Z,-33.38625000,147.94833333,1472.00,-664.42160496566,-664.42160496566,194,1,118.494,
234,2015-01-08T02:31:54Z,-33.38630000,147.94783333,1469.00,-660.42160496566,-660.42160496566,195,1,118.499,
235,2015-01-08T02:31:58Z,-33.38658333,147.94728333,1462.00,-656.42160496566,-656.42160496566,196,1,118.48,
236,2015-01-08T02:32:02Z,-33.38683333,147.94678333,1462.00,-652.42160496566,-652.42160496566,197,1,118.463,
237,2015-01-08T02:32:06Z,-33.38691667,147.94616667,1451.00,-648.42160496566,-648.42160496566,198,1,118.467,
238,2015-01-08T02:32:10Z,-33.38661667,147.94575000,1453.00,-644.42160496566,-644.42160496566,199,1,118.509,
239,2015-01-08T02:32:14Z,-33.38630000,147.94541667,1442.00,-640.42160496566,-640.42160496566,200,1,118.55,
240,2015-01-08T02:32:18Z,-33.38608333,147.94486667,1428.00,-636.42160496566,-636.42160496566,201,1,118.585,
241,2015-01-08T02:32:22Z,-33.38616667,147.94433333,1425.00,-632.42160496566,-632.42160496566,202,1,118.588,
242,2015-01-08T02:32:26Z,-33.38650000,147.94380000,1418.00,-628.42160496566,-628.42160496566,203,1,118.563,
243,2015-01-08T02:32:30Z,-33.38683333,147.94341667,1420.00,-624.42160496566,-624.42160496566,204,1,118.535,
244,2015-01-08T02:32:34Z,-33.38716667,147.94296667,1414.00,-620.42160496566,-620.42160496566,205,1,118.509,
245,2015-01-08T02:32:38Z,-33.38745000,147.94250000,1409.00,-616.42160496566,-616.42160496566,206,1,118.489,
246,2015-01-08T02:32:42Z,-33.38775000,147.94203333,1402.00,-612.42160496566,-612.42160496566,207,1,118.466,
247,2015-01-08T02:32:46Z,-33.38805000,147.94161667,1398.00,-608.42160496566,-608.42160496566,208,1,118.443,
248,2015-01-08T02:32:50Z,-33.38833333,147.94120000,1392.00,-604.42160496566,-604.42160496566,209,1,118.422,
249,2015-01-08T02:32:54Z,-33.38858333,147.94083333,1389.00,-600.42160496566,-600.42160496566,210,1,118.403,
250,2015-01-08T02:32:58Z,-33.38883333,147.94033333,1377.00,-596.42160496566,-596.42160496566,211,1,118.387,
251,2015-01-08T02:33:02Z,-33.38903333,147.93986667,1379.00,-592.42160496566,-592.42160496566,212,1,118.376,
252,2015-01-08T02:33:06Z,-33.38933333,147.93953333,1372.00,-588.42160496566,-588.42160496566,213,1,118.351,
253,2015-01-08T02:33:10Z,-33.38966667,147.93900000,1362.00,-584.42160496566,-584.42160496566,214,1,118.327,
254,2015-01-08T02:33:14Z,-33.39008333,147.93855000,1357.00,-580.42160496566,-580.42160496566,215,1,118.292,
255,2015-01-08T02:33:18Z,-33.39050000,147.93808333,1360.00,-576.42160496566,-576.42160496566,216,1,118.258,
256,2015-01-08T02:33:22Z,-33.39095000,147.93766667,1360.00,-572.42160496566,-572.42160496566,217,1,118.219,
257,2015-01-08T02:33:26Z,-33.39130000,147.93716667,1362.00,-568.42160496566,-568.42160496566,218,1,118.192,
258,2015-01-08T02:33:30Z,-33.39155000,147.93661667,1364.00,-564.42160496566,-564.42160496566,219,1,118.178,
259,2015-01-08T02:33:34Z,-33.39191667,147.93616667,1369.00,-560.42160496566,-560.42160496566,220,1,118.149,
260,2015-01-08T02:33:38Z,-33.39233333,147.93575000,1375.00,-556.42160496566,-556.42160496566,221,1,118.114,
261,2015-01-08T02:33:42Z,-33.39291667,147.93575000,1384.00,-552.42160496566,-552.42160496566,222,1,118.051,
262,2015-01-08T02:33:46Z,-33.39333333,147.93641667,1386.00,-548.42160496566,-548.42160496566,223,1,117.991,
263,2015-01-08T02:33:50Z,-33.39316667,147.93711667,1387.00,-544.42160496566,-544.42160496566,224,1,117.992,
264,2015-01-08T02:33:54Z,-33.39280000,147.93720000,1392.00,-540.42160496566,-540.42160496566,225,1,118.03,
265,2015-01-08T02:33:58Z,-33.39288333,147.93678333,1396.00,-536.42160496566,-536.42160496566,226,1,118.031,
266,2015-01-08T02:34:02Z,-33.39350000,147.93661667,1401.00,-532.42160496566,-532.42160496566,227,1,117.968,
267,2015-01-08T02:34:06Z,-33.39408333,147.93703333,1405.00,-528.42160496566,-528.42160496566,228,1,117.896,
268,2015-01-08T02:34:10Z,-33.39433333,147.93733333,1402.00,-524.42160496566,-524.42160496566,229,1,117.862,
269,2015-01-08T02:34:14Z,-33.39466667,147.93858333,1411.00,-520.42160496566,-520.42160496566,230,1,117.797,
270,2015-01-08T02:34:18Z,-33.39458333,147.93925000,1411.00,-516.42160496566,-516.42160496566,231,1,117.791,
271,2015-01-08T02:34:22Z,-33.39425000,147.93933333,1411.00,-512.42160496566,-512.42160496566,232,1,117.825,
272,2015-01-08T02:34:26Z,-33.39408333,147.93916667,1419.00,-508.42160496566,-508.42160496566,233,1,117.847,
273,2015-01-08T02:34:30Z,-33.39441667,147.93938333,1420.00,-504.42160496566,-504.42160496566,234,1,117.806,
274,2015-01-08T02:34:34Z,-33.39530000,147.93941667,1424.00,-500.42160496566,-500.42160496566,235,1,117.71,
275,2015-01-08T02:34:38Z,-33.39580000,147.94000000,1426.00,-496.42160496566,-496.42160496566,236,1,117.643,
276,2015-01-08T02:34:42Z,-33.39558333,147.94083333,1421.00,-492.42160496566,-492.42160496566,237,1,117.647,
277,2015-01-08T02:34:46Z,-33.39511667,147.94078333,1422.00,-488.42160496566,-488.42160496566,238,1,117.699,
278,2015-01-08T02:34:50Z,-33.39516667,147.94025000,1426.00,-484.42160496566,-484.42160496566,239,1,117.705,
279,2015-01-08T02:34:54Z,-33.39545000,147.93975000,1427.00,-480.42160496566,-480.42160496566,240,1,117.686,
280,2015-01-08T02:34:58Z,-33.39608333,147.93961667,1426.00,-476.42160496566,-476.42160496566,241,1,117.621,
281,2015-01-08T02:35:02Z,-33.39655000,147.94025000,1428.00,-472.42160496566,-472.42160496566,242,1,117.556,
282,2015-01-08T02:35:06Z,-33.39633333,147.94091667,1429.00,-468.42160496566,-468.42160496566,243,1,117.565,
283,2015-01-08T02:35:10Z,-33.39600000,147.94070000,1432.00,-464.42160496566,-464.42160496566,244,1,117.605,
284,2015-01-08T02:35:14Z,-33.39628333,147.94028333,1428.00,-460.42160496566,-460.42160496566,245,1,117.584,
285,2015-01-08T02:35:18Z,-33.39700000,147.94036667,1424.00,-456.42160496566,-456.42160496566,246,1,117.505,
286,2015-01-08T02:35:22Z,-33.39738333,147.94111667,1426.00,-452.42160496566,-452.42160496566,247,1,117.447,
287,2015-01-08T02:35:26Z,-33.39738333,147.94161667,1425.00,-448.42160496566,-448.42160496566,248,1,117.436,
288,2015-01-08T02:35:30Z,-33.39691667,147.94200000,1422.00,-444.42160496566,-444.42160496566,249,1,117.477,
289,2015-01-08T02:35:34Z,-33.39696667,147.94158333,1420.00,-440.42160496566,-440.42160496566,250,1,117.481,
290,2015-01-08T02:35:38Z,-33.39730000,147.94108333,1413.00,-436.42160496566,-436.42160496566,251,1,117.457,
291,2015-01-08T02:35:42Z,-33.39771667,147.94066667,1410.00,-432.42160496566,-432.42160496566,252,1,117.421,
292,2015-01-08T02:35:46Z,-33.39800000,147.94021667,1407.00,-428.42160496566,-428.42160496566,253,1,117.401,
293,2015-01-08T02:35:50Z,-33.39816667,147.93966667,1397.00,-424.42160496566,-424.42160496566,254,1,117.395,
294,2015-01-08T02:35:54Z,-33.39850000,147.93911667,1396.00,-420.42160496566,-420.42160496566,255,1,117.372,
295,2015-01-08T02:35:58Z,-33.39888333,147.93866667,1392.00,-416.42160496566,-416.42160496566,256,1,117.341,
296,2015-01-08T02:36:02Z,-33.39930000,147.93816667,1388.00,-412.42160496566,-412.42160496566,257,1,117.308,
297,2015-01-08T02:36:06Z,-33.39961667,147.93766667,1391.00,-408.42160496566,-408.42160496566,258,1,117.285,
298,2015-01-08T02:36:10Z,-33.39995000,147.93730000,1390.00,-404.42160496566,-404.42160496566,259,1,117.258,
299,2015-01-08T02:36:14Z,-33.40025000,147.93683333,1386.00,-400.42160496566,-400.42160496566,260,1,117.236,
300,2015-01-08T02:36:18Z,-33.40066667,147.93633333,1384.00,-396.42160496566,-396.42160496566,261,1,117.203,
301,2015-01-08T02:36:22Z,-33.40108333,147.93583333,1377.00,-392.42160496566,-392.42160496566,262,1,117.17,
302,2015-01-08T02:36:26Z,-33.40153333,147.93533333,1370.00,-388.42160496566,-388.42160496566,263,1,117.133,
303,2015-01-08T02:36:30Z,-33.40191667,147.93483333,1367.00,-384.42160496566,-384.42160496566,264,1,117.104,
304,2015-01-08T02:36:34Z,-33.40233333,147.93433333,1365.00,-380.42160496566,-380.42160496566,265,1,117.071,
305,2015-01-08T02:36:38Z,-33.40286667,147.93391667,1361.00,-376.42160496566,-376.42160496566,266,1,117.024,
306,2015-01-08T02:36:42Z,-33.40341667,147.93350000,1355.00,-372.42160496566,-372.42160496566,267,1,116.975,
307,2015-01-08T02:36:46Z,-33.40383333,147.93303333,1350.00,-368.42160496566,-368.42160496566,268,1,116.941,
308,2015-01-08T02:36:50Z,-33.40425000,147.93250000,1338.00,-364.42160496566,-364.42160496566,269,1,116.91,
309,2015-01-08T02:36:54Z,-33.40466667,147.93196667,1332.00,-360.42160496566,-360.42160496566,270,1,116.878,
310,2015-01-08T02:36:58Z,-33.40508333,147.93145000,1324.00,-356.42160496566,-356.42160496566,271,1,116.846,
311,2015-01-08T02:37:02Z,-33.40541667,147.93095000,1317.00,-352.42160496566,-352.42160496566,272,1,116.822,
312,2015-01-08T02:37:06Z,-33.40570000,147.93041667,1306.00,-348.42160496566,-348.42160496566,273,1,116.805,
313,2015-01-08T02:37:10Z,-33.40608333,147.92983333,1296.00,-344.42160496566,-344.42160496566,274,1,116.778,
314,2015-01-08T02:37:14Z,-33.40625000,147.92930000,1292.00,-340.42160496566,-340.42160496566,275,1,116.774,
315,2015-01-08T02:37:18Z,-33.40636667,147.92866667,1289.00,-336.42160496566,-336.42160496566,276,1,116.777,
316,2015-01-08T02:37:22Z,-33.40663333,147.92791667,1285.00,-332.42160496566,-332.42160496566,277,1,116.767,
317,2015-01-08T02:37:26Z,-33.40691667,147.92728333,1279.00,-328.42160496566,-328.42160496566,278,1,116.753,
318,2015-01-08T02:37:30Z,-33.40708333,147.92675000,1272.00,-324.42160496566,-324.42160496566,279,1,116.749,
319,2015-01-08T02:37:34Z,-33.40733333,147.92620000,1262.00,-320.42160496566,-320.42160496566,280,1,116.736,
320,2015-01-08T02:37:38Z,-33.40780000,147.92550000,1245.00,-316.42160496566,-316.42160496566,281,1,116.704,
321,2015-01-08T02:37:42Z,-33.40811667,147.92503333,1240.00,-312.42160496566,-312.42160496566,282,1,116.682,
322,2015-01-08T02:37:46Z,-33.40833333,147.92450000,1222.00,-308.42160496566,-308.42160496566,283,1,116.673,
323,2015-01-08T02:37:50Z,-33.40845000,147.92400000,1214.00,-304.42160496566,-304.42160496566,284,1,116.673,
324,2015-01-08T02:37:54Z,-33.40853333,147.92358333,1203.00,-300.42160496566,-300.42160496566,285,1,116.675,
325,2015-01-08T02:37:58Z,-33.40863333,147.92305000,1189.00,-296.42160496566,-296.42160496566,286,1,116.678,
326,2015-01-08T02:38:02Z,-33.40871667,147.92250000,1176.00,-292.42160496566,-292.42160496566,287,1,116.684,
327,2015-01-08T02:38:06Z,-33.40841667,147.92216667,1167.00,-288.42160496566,-288.42160496566,288,1,116.724,
328,2015-01-08T02:38:10Z,-33.40791667,147.92196667,1164.00,-284.42160496566,-284.42160496566,289,1,116.783,
329,2015-01-08T02:38:14Z,-33.40750000,147.92188333,1162.00,-280.42160496566,-280.42160496566,290,1,116.83,
330,2015-01-08T02:38:18Z,-33.40708333,147.92175000,1155.00,-276.42160496566,-276.42160496566,291,1,116.878,
331,2015-01-08T02:38:22Z,-33.40675000,147.92155000,1146.00,-272.42160496566,-272.42160496566,292,1,116.918,
332,2015-01-08T02:38:26Z,-33.40645000,147.92120000,1136.00,-268.42160496566,-268.42160496566,293,1,116.959,
333,2015-01-08T02:38:30Z,-33.40621667,147.92116667,1127.00,-264.42160496566,-264.42160496566,294,1,116.985,
334,2015-01-08T02:38:34Z,-33.40591667,147.92133333,1123.00,-260.42160496566,-260.42160496566,295,1,117.013,
335,2015-01-08T02:38:38Z,-33.40546667,147.92178333,1113.00,-256.42160496566,-256.42160496566,296,1,117.049,
336,2015-01-08T02:38:42Z,-33.40528333,147.92221667,1105.00,-252.42160496566,-252.42160496566,297,1,117.058,
337,2015-01-08T02:38:46Z,-33.40541667,147.92341667,1103.00,-248.42160496566,-248.42160496566,298,1,117.012,
338,2015-01-08T02:38:50Z,-33.40558333,147.92420000,1093.00,-244.42160496566,-244.42160496566,299,1,116.974,
339,2015-01-08T02:38:54Z,-33.40580000,147.92500000,1087.00,-240.42160496566,-240.42160496566,300,1,116.931,
340,2015-01-08T02:38:58Z,-33.40608333,147.92578333,1081.00,-236.42160496566,-236.42160496566,301,1,116.88,
341,2015-01-08T02:39:02Z,-33.40633333,147.92658333,1075.00,-232.42160496566,-232.42160496566,302,1,116.833,
342,2015-01-08T02:39:06Z,-33.40658333,147.92741667,1068.00,-228.42160496566,-228.42160496566,303,1,116.785,
343,2015-01-08T02:39:10Z,-33.40675000,147.92820000,1062.00,-224.42160496566,-224.42160496566,304,1,116.748,
344,2015-01-08T02:39:14Z,-33.40691667,147.92903333,1052.00,-220.42160496566,-220.42160496566,305,1,116.709,
345,2015-01-08T02:39:18Z,-33.40705000,147.92983333,1043.00,-216.42160496566,-216.42160496566,306,1,116.675,
346,2015-01-08T02:39:22Z,-33.40716667,147.93061667,1035.00,-212.42160496566,-212.42160496566,307,1,116.643,
347,2015-01-08T02:39:26Z,-33.40725000,147.93150000,1025.00,-208.42160496566,-208.42160496566,308,1,116.612,
348,2015-01-08T02:39:30Z,-33.40738333,147.93233333,1023.00,-204.42160496566,-204.42160496566,309,1,116.577,
349,2015-01-08T02:39:34Z,-33.40750000,147.93316667,1019.00,-200.42160496566,-200.42160496566,310,1,116.545,
350,2015-01-08T02:39:38Z,-33.40761667,147.93386667,1014.00,-196.42160496566,-196.42160496566,311,1,116.515,
351,2015-01-08T02:39:42Z,-33.40770000,147.93458333,1001.00,-192.42160496566,-192.42160496566,312,1,116.489,
352,2015-01-08T02:39:46Z,-33.40783333,147.93533333,990.00,-188.42160496566,-188.42160496566,313,1,116.456,
353,2015-01-08T02:39:50Z,-33.40791667,147.93616667,971.00,-184.42160496566,-184.42160496566,314,1,116.428,
354,2015-01-08T02:39:54Z,-33.40800000,147.93700000,957.00,-180.42160496566,-180.42160496566,315,1,116.399,
355,2015-01-08T02:39:58Z,-33.40800000,147.93700000,951.00,-176.42160496566,-176.42160496566,316,1,116.399,
356,2015-01-08T02:40:02Z,-33.40800000,147.93863333,941.00,-172.42160496566,-172.42160496566,317,1,116.36,
357,2015-01-08T02:40:06Z,-33.40808333,147.93950000,939.00,-168.42160496566,-168.42160496566,318,1,116.331,
358,2015-01-08T02:40:10Z,-33.40833333,147.94045000,935.00,-164.42160496566,-164.42160496566,319,1,116.282,
359,2015-01-08T02:40:14Z,-33.40858333,147.94133333,936.00,-160.42160496566,-160.42160496566,320,1,116.235,
360,2015-01-08T02:40:18Z,-33.40863333,147.94216667,933.00,-156.42160496566,-156.42160496566,321,1,116.21,
361,2015-01-08T02:40:22Z,-33.40878333,147.94300000,931.00,-152.42160496566,-152.42160496566,322,1,116.175,
362,2015-01-08T02:40:26Z,-33.40900000,147.94383333,928.00,-148.42160496566,-148.42160496566,323,1,116.133,
363,2015-01-08T02:40:30Z,-33.40913333,147.94475000,925.00,-144.42160496566,-144.42160496566,324,1,116.097,
364,2015-01-08T02:40:34Z,-33.40920000,147.94558333,930.00,-140.42160496566,-140.42160496566,325,1,116.072,
365,2015-01-08T02:40:38Z,-33.40908333,147.94625000,927.00,-136.42160496566,-136.42160496566,326,1,116.069,
366,2015-01-08T02:40:42Z,-33.40866667,147.94625000,922.00,-132.42160496566,-132.42160496566,327,1,116.114,
367,2015-01-08T02:40:46Z,-33.40875000,147.94566667,918.00,-128.42160496566,-128.42160496566,328,1,116.118,
368,2015-01-08T02:40:50Z,-33.40941667,147.94528333,917.00,-124.42160496566,-124.42160496566,329,1,116.055,
369,2015-01-08T02:40:54Z,-33.41021667,147.94541667,921.00,-120.42160496566,-120.42160496566,330,1,115.966,
370,2015-01-08T02:40:58Z,-33.41086667,147.94608333,924.00,-116.42160496566,-116.42160496566,331,1,115.881,
371,2015-01-08T02:41:02Z,-33.41133333,147.94691667,924.00,-112.42160496566,-112.42160496566,332,1,115.812,
372,2015-01-08T02:41:06Z,-33.41161667,147.94775000,923.00,-108.42160496566,-108.42160496566,333,1,115.762,
373,2015-01-08T02:41:10Z,-33.41175000,147.94875000,918.00,-104.42160496566,-104.42160496566,334,1,115.726,
374,2015-01-08T02:41:14Z,-33.41196667,147.94966667,914.00,-100.42160496566,-100.42160496566,335,1,115.683,
375,2015-01-08T02:41:18Z,-33.41220000,147.95050000,914.00,-96.42160496566,-96.42160496566,336,1,115.639,
376,2015-01-08T02:41:22Z,-33.41238333,147.95128333,913.00,-92.42160496566,-92.42160496566,337,1,115.602,
377,2015-01-08T02:41:26Z,-33.41241667,147.95200000,909.00,-88.42160496566,-88.42160496566,338,1,115.583,
378,2015-01-08T02:41:30Z,-33.41233333,147.95261667,905.00,-84.42160496566,-84.42160496566,339,1,115.579,
379,2015-01-08T02:41:34Z,-33.41216667,147.95283333,902.00,-80.42160496566,-80.42160496566,340,1,115.593,
380,2015-01-08T02:41:38Z,-33.41183333,147.95238333,892.00,-76.42160496566,-76.42160496566,341,1,115.638,
381,2015-01-08T02:41:42Z,-33.41175000,147.95183333,891.00,-72.42160496566,-72.42160496566,342,1,115.659,
382,2015-01-08T02:41:46Z,-33.41166667,147.95125000,887.00,-68.42160496566,-68.42160496566,343,1,115.681,
383,2015-01-08T02:41:50Z,-33.41150000,147.95105000,879.00,-64.42160496566,-64.42160496566,344,1,115.703,
384,2015-01-08T02:41:54Z,-33.41113333,147.95066667,869.00,-60.42160496566,-60.42160496566,345,1,115.751,
385,2015-01-08T02:41:58Z,-33.41086667,147.95021667,873.00,-56.42160496566,-56.42160496566,346,1,115.789,
386,2015-01-08T02:42:02Z,-33.41071667,147.94975000,872.00,-52.42160496566,-52.42160496566,347,1,115.816,
387,2015-01-08T02:42:06Z,-33.41095000,147.94908333,866.00,-48.42160496566,-48.42160496566,348,1,115.805,
388,2015-01-08T02:42:10Z,-33.41141667,147.94858333,866.00,-44.42160496566,-44.42160496566,349,1,115.766,
389,2015-01-08T02:42:14Z,-33.41233333,147.94871667,863.00,-40.42160496566,-40.42160496566,350,1,115.664,
390,2015-01-08T02:42:18Z,-33.41225000,147.94941667,862.00,-36.42160496566,-36.42160496566,351,1,115.657,
391,2015-01-08T02:42:22Z,-33.41191667,147.94988333,861.00,-32.42160496566,-32.42160496566,352,1,115.683,
392,2015-01-08T02:42:26Z,-33.41150000,147.95008333,859.00,-28.42160496566,-28.42160496566,353,1,115.724,
393,2015-01-08T02:42:30Z,-33.41100000,147.95016667,859.00,-24.42160496566,-24.42160496566,354,1,115.776,
394,2015-01-08T02:42:34Z,-33.41058333,147.95041667,861.00,-20.42160496566,-20.42160496566,355,1,115.816,
395,2015-01-08T02:42:38Z,-33.41016667,147.95071667,852.00,-16.42160496566,-16.42160496566,356,1,115.854,
396,2015-01-08T02:42:42Z,-33.40978333,147.95091667,845.00,-12.42160496566,-12.42160496566,357,1,115.892,
397,2015-01-08T02:42:46Z,-33.40950000,147.95083333,841.00,-8.42160496566,-8.42160496566,358,1,115.924,
398,2015-01-08T02:42:50Z,-33.40978333,147.95025000,837.00,-4.42160496566,-4.42160496566,359,1,115.906,
399,2015-01-08T02:42:54Z,-33.41030000,147.95011667,837.00,-0.42160496566,-0.42160496566,360,1,115.853,
400,2015-01-08T02:42:58Z,-33.41108333,147.95063333,833.00,3.57839503434,3.57839503434,361,1,115.757,
401,2015-01-08T02:43:02Z,-33.41166667,147.95116667,828.00,7.57839503434,7.57839503434,362,1,115.682,
402,2015-01-08T02:43:06Z,-33.41208333,147.95183333,825.00,11.57839503434,11.57839503434,363,1,115.623,
403,2015-01-08T02:43:10Z,-33.41238333,147.95271667,803.00,15.57839503434,15.57839503434,364,1,115.572,
404,2015-01-08T02:43:14Z,-33.41283333,147.95346667,800.00,19.57839503434,19.57839503434,365,1,115.507,
405,2015-01-08T02:43:18Z,-33.41328333,147.95408333,786.00,23.57839503434,23.57839503434,366,1,115.445,
406,2015-01-08T02:43:22Z,-33.41391667,147.95471667,776.00,27.57839503434,27.57839503434,367,1,115.363,
407,2015-01-08T02:43:26Z,-33.41420000,147.95500000,764.00,31.57839503434,31.57839503434,368,1,115.327,
408,2015-01-08T02:43:30Z,-33.41495000,147.95600000,762.00,35.57839503434,35.57839503434,369,1,115.224,
409,2015-01-08T02:43:34Z,-33.41533333,147.95661667,755.00,39.57839503434,39.57839503434,370,1,115.17,
410,2015-01-08T02:43:38Z,-33.41575000,147.95721667,748.00,43.57839503434,43.57839503434,371,1,115.112,
411,2015-01-08T02:43:42Z,-33.41641667,147.95766667,735.00,47.57839503434,47.57839503434,372,1,115.031,
412,2015-01-08T02:43:46Z,-33.41695000,147.95838333,728.00,51.57839503434,51.57839503434,373,1,114.958,
413,2015-01-08T02:43:50Z,-33.41741667,147.95908333,727.00,55.57839503434,55.57839503434,374,1,114.893,
414,2015-01-08T02:43:54Z,-33.41791667,147.95975000,725.00,59.57839503434,59.57839503434,375,1,114.825,
415,2015-01-08T02:43:58Z,-33.41846667,147.96038333,728.00,63.57839503434,63.57839503434,376,1,114.753,
416,2015-01-08T02:44:02Z,-33.41900000,147.96100000,723.00,67.57839503434,67.57839503434,377,1,114.683,
417,2015-01-08T02:44:06Z,-33.41958333,147.96166667,723.00,71.57839503434,71.57839503434,378,1,114.606,
418,2015-01-08T02:44:10Z,-33.42005000,147.96225000,727.00,75.57839503434,75.57839503434,379,1,114.543,
419,2015-01-08T02:44:14Z,-33.42028333,147.96291667,735.00,79.57839503434,79.57839503434,380,1,114.505,
420,2015-01-08T02:44:18Z,-33.42016667,147.96341667,741.00,83.57839503434,83.57839503434,381,1,114.507,
421,2015-01-08T02:44:22Z,-33.41983333,147.96316667,745.00,87.57839503434,87.57839503434,382,1,114.549,
422,2015-01-08T02:44:26Z,-33.41996667,147.96255000,745.00,91.57839503434,91.57839503434,383,1,114.546,
423,2015-01-08T02:44:30Z,-33.42058333,147.96233333,743.00,95.57839503434,95.57839503434,384,1,114.484,
424,2015-01-08T02:44:34Z,-33.42088333,147.96261667,746.00,99.57839503434,99.57839503434,385,1,114.446,
425,2015-01-08T02:44:38Z,-33.42166667,147.96338333,756.00,103.57839503434,103.57839503434,386,1,114.345,
426,2015-01-08T02:44:42Z,-33.42178333,147.96400000,763.00,107.57839503434,107.57839503434,387,1,114.32,
427,2015-01-08T02:44:46Z,-33.42130000,147.96428333,761.00,111.57839503434,111.57839503434,388,1,114.367,
428,2015-01-08T02:44:50Z,-33.42108333,147.96386667,768.00,115.57839503434,115.57839503434,389,1,114.399,
429,2015-01-08T02:44:54Z,-33.42136667,147.96325000,767.00,119.57839503434,119.57839503434,390,1,114.38,
430,2015-01-08T02:44:58Z,-33.42208333,147.96296667,772.00,123.57839503434,123.57839503434,391,1,114.308,
431,2015-01-08T02:45:02Z,-33.42236667,147.96325000,782.00,127.57839503434,127.57839503434,392,1,114.272,
432,2015-01-08T02:45:06Z,-33.42250000,147.96391667,782.00,131.57839503434,131.57839503434,393,1,114.244,
433,2015-01-08T02:45:10Z,-33.42216667,147.96391667,789.00,135.57839503434,135.57839503434,394,1,114.28,
434,2015-01-08T02:45:14Z,-33.42213333,147.96341667,790.00,139.57839503434,139.57839503434,395,1,114.294,
435,2015-01-08T02:45:18Z,-33.42261667,147.96291667,792.00,143.57839503434,143.57839503434,396,1,114.251,
436,2015-01-08T02:45:22Z,-33.42338333,147.96291667,795.00,147.57839503434,147.57839503434,397,1,114.168,
437,2015-01-08T02:45:26Z,-33.42400000,147.96321667,803.00,151.57839503434,151.57839503434,398,1,114.095,
438,2015-01-08T02:45:30Z,-33.42416667,147.96378333,806.00,155.57839503434,155.57839503434,399,1,114.066,
439,2015-01-08T02:45:34Z,-33.42386667,147.96408333,803.00,159.57839503434,159.57839503434,400,1,114.092,
440,2015-01-08T02:45:38Z,-33.42405000,147.96333333,807.00,163.57839503434,163.57839503434,401,1,114.087,
441,2015-01-08T02:45:42Z,-33.42483333,147.96316667,812.00,167.57839503434,167.57839503434,402,1,114.006,
442,2015-01-08T02:45:46Z,-33.42541667,147.96353333,818.00,171.57839503434,171.57839503434,403,1,113.935,
443,2015-01-08T02:45:50Z,-33.42583333,147.96395000,818.00,175.57839503434,175.57839503434,404,1,113.881,
444,2015-01-08T02:45:54Z,-33.42575000,147.96450000,807.00,179.57839503434,179.57839503434,405,1,113.879,
445,2015-01-08T02:45:58Z,-33.42533333,147.96436667,805.00,183.57839503434,183.57839503434,406,1,113.927,
446,2015-01-08T02:46:02Z,-33.42503333,147.96408333,805.00,187.57839503434,187.57839503434,407,1,113.966,
447,2015-01-08T02:46:06Z,-33.42470000,147.96375000,808.00,191.57839503434,191.57839503434,408,1,114.008,
448,2015-01-08T02:46:10Z,-33.42441667,147.96350000,810.00,195.57839503434,195.57839503434,409,1,114.044,
449,2015-01-08T02:46:14Z,-33.42425000,147.96311667,806.00,199.57839503434,199.57839503434,410,1,114.07,
450,2015-01-08T02:46:18Z,-33.42455000,147.96261667,796.00,203.57839503434,203.57839503434,411,1,114.048,
451,2015-01-08T02:46:22Z,-33.42520000,147.96275000,781.00,207.57839503434,207.57839503434,412,1,113.974,
452,2015-01-08T02:46:26Z,-33.42583333,147.96333333,781.00,211.57839503434,211.57839503434,413,1,113.894,
453,2015-01-08T02:46:30Z,-33.42628333,147.96383333,786.00,215.57839503434,215.57839503434,414,1,113.835,
454,2015-01-08T02:46:34Z,-33.42675000,147.96436667,787.00,219.57839503434,219.57839503434,415,1,113.774,
455,2015-01-08T02:46:38Z,-33.42716667,147.96491667,786.00,223.57839503434,223.57839503434,416,1,113.717,
456,2015-01-08T02:46:42Z,-33.42766667,147.96545000,784.00,227.57839503434,227.57839503434,417,1,113.652,
457,2015-01-08T02:46:46Z,-33.42808333,147.96613333,779.00,231.57839503434,231.57839503434,418,1,113.594,
458,2015-01-08T02:46:50Z,-33.42850000,147.96683333,778.00,235.57839503434,235.57839503434,419,1,113.535,
459,2015-01-08T02:46:54Z,-33.42900000,147.96733333,777.00,239.57839503434,239.57839503434,420,1,113.47,
460,2015-01-08T02:46:58Z,-33.42950000,147.96786667,770.00,243.57839503434,243.57839503434,421,1,113.406,
461,2015-01-08T02:47:02Z,-33.43000000,147.96841667,763.00,247.57839503434,247.57839503434,422,1,113.341,
462,2015-01-08T02:47:06Z,-33.43058333,147.96900000,755.00,251.57839503434,251.57839503434,423,1,113.266,
463,2015-01-08T02:47:10Z,-33.43100000,147.96971667,742.00,255.57839503434,255.57839503434,424,1,113.207,
464,2015-01-08T02:47:14Z,-33.43108333,147.97050000,726.00,259.57839503434,259.57839503434,425,1,113.183,
465,2015-01-08T02:47:18Z,-33.43078333,147.97111667,715.00,263.57839503434,263.57839503434,426,1,113.204,
466,2015-01-08T02:47:22Z,-33.43050000,147.97150000,706.00,267.57839503434,267.57839503434,427,1,113.227,
467,2015-01-08T02:47:26Z,-33.43013333,147.97183333,696.00,271.57839503434,271.57839503434,428,1,113.261,
468,2015-01-08T02:47:30Z,-33.42983333,147.97225000,694.00,275.57839503434,275.57839503434,429,1,113.286,
469,2015-01-08T02:47:34Z,-33.42971667,147.97278333,685.00,279.57839503434,279.57839503434,430,1,113.288,
470,2015-01-08T02:47:38Z,-33.42966667,147.97341667,683.00,283.57839503434,283.57839503434,431,1,113.282,
471,2015-01-08T02:47:42Z,-33.42966667,147.97408333,674.00,287.57839503434,287.57839503434,432,1,113.27,
472,2015-01-08T02:47:46Z,-33.42950000,147.97471667,663.00,291.57839503434,291.57839503434,433,1,113.276,
473,2015-01-08T02:47:50Z,-33.42933333,147.97520000,659.00,295.57839503434,295.57839503434,434,1,113.286,
474,2015-01-08T02:47:54Z,-33.42916667,147.97575000,648.00,299.57839503434,299.57839503434,435,1,113.294,
475,2015-01-08T02:47:58Z,-33.42896667,147.97633333,640.00,303.57839503434,303.57839503434,436,1,113.305,
476,2015-01-08T02:48:02Z,-33.42875000,147.97700000,636.00,307.57839503434,307.57839503434,437,1,113.317,
477,2015-01-08T02:48:06Z,-33.42866667,147.97775000,640.00,311.57839503434,311.57839503434,438,1,113.313,
478,2015-01-08T02:48:10Z,-33.42850000,147.97845000,639.00,315.57839503434,315.57839503434,439,1,113.319,
479,2015-01-08T02:48:14Z,-33.42828333,147.97900000,639.00,319.57839503434,319.57839503434,440,1,113.333,
480,2015-01-08T02:48:18Z,-33.42800000,147.97941667,637.00,323.57839503434,323.57839503434,441,1,113.357,
481,2015-01-08T02:48:22Z,-33.42771667,147.97925000,634.00,327.57839503434,327.57839503434,442,1,113.39,
482,2015-01-08T02:48:26Z,-33.42761667,147.97871667,634.00,331.57839503434,331.57839503434,443,1,113.411,
483,2015-01-08T02:48:30Z,-33.42761667,147.97825000,634.00,335.57839503434,335.57839503434,444,1,113.419,
484,2015-01-08T02:48:34Z,-33.42761667,147.97766667,621.00,339.57839503434,339.57839503434,445,1,113.429,
485,2015-01-08T02:48:38Z,-33.42758333,147.97725000,613.00,343.57839503434,343.57839503434,446,1,113.44,
486,2015-01-08T02:48:42Z,-33.42753333,147.97675000,600.00,347.57839503434,347.57839503434,447,1,113.454,
487,2015-01-08T02:48:46Z,-33.42808333,147.97636667,596.00,351.57839503434,351.57839503434,448,1,113.401,
488,2015-01-08T02:48:50Z,-33.42883333,147.97671667,589.00,355.57839503434,355.57839503434,449,1,113.313,
489,2015-01-08T02:48:54Z,-33.42946667,147.97708333,593.00,359.57839503434,359.57839503434,450,1,113.237,
490,2015-01-08T02:48:58Z,-33.43021667,147.97741667,585.00,363.57839503434,363.57839503434,451,1,113.15,
491,2015-01-08T02:49:02Z,-33.43091667,147.97780000,579.00,367.57839503434,367.57839503434,452,1,113.066,
492,2015-01-08T02:49:06Z,-33.43161667,147.97811667,581.00,371.57839503434,371.57839503434,453,1,112.984,
493,2015-01-08T02:49:10Z,-33.43233333,147.97833333,583.00,375.57839503434,375.57839503434,454,1,112.902,
494,2015-01-08T02:49:14Z,-33.43308333,147.97863333,585.00,379.57839503434,379.57839503434,455,1,112.815,
495,2015-01-08T02:49:18Z,-33.43350000,147.97925000,586.00,383.57839503434,383.57839503434,456,1,112.759,
496,2015-01-08T02:49:22Z,-33.43350000,147.97991667,581.00,387.57839503434,387.57839503434,457,1,112.747,
497,2015-01-08T02:49:26Z,-33.43313333,147.98008333,578.00,391.57839503434,391.57839503434,458,1,112.784,
498,2015-01-08T02:49:30Z,-33.43300000,147.97961667,580.00,395.57839503434,395.57839503434,459,1,112.807,
499,2015-01-08T02:49:34Z,-33.43353333,147.97921667,573.00,399.57839503434,399.57839503434,460,1,112.756,
500,2015-01-08T02:49:38Z,-33.43430000,147.97950000,569.00,403.57839503434,403.57839503434,461,1,112.667,
501,2015-01-08T02:49:42Z,-33.43500000,147.97996667,568.00,407.57839503434,407.57839503434,462,1,112.582,
502,2015-01-08T02:49:46Z,-33.43575000,147.98025000,556.00,411.57839503434,411.57839503434,463,1,112.496,
503,2015-01-08T02:49:50Z,-33.43645000,147.98041667,541.00,415.57839503434,415.57839503434,464,1,112.416,
504,2015-01-08T02:49:54Z,-33.43716667,147.98058333,531.00,419.57839503434,419.57839503434,465,1,112.335,
505,2015-01-08T02:49:58Z,-33.43788333,147.98105000,522.00,423.57839503434,423.57839503434,466,1,112.249,
506,2015-01-08T02:50:02Z,-33.43853333,147.98133333,515.00,427.57839503434,427.57839503434,467,1,112.173,
507,2015-01-08T02:50:06Z,-33.43913333,147.98108333,509.00,431.57839503434,431.57839503434,468,1,112.112,
508,2015-01-08T02:50:10Z,-33.43955000,147.98058333,507.00,435.57839503434,435.57839503434,469,1,112.075,
509,2015-01-08T02:50:14Z,-33.43991667,147.98000000,502.00,439.57839503434,439.57839503434,470,1,112.045,
510,2015-01-08T02:50:18Z,-33.44025000,147.97941667,509.00,443.57839503434,443.57839503434,471,1,112.019,
511,2015-01-08T02:50:22Z,-33.44050000,147.97883333,511.00,447.57839503434,447.57839503434,472,1,112.002,
512,2015-01-08T02:50:26Z,-33.44083333,147.97825000,509.00,451.57839503434,451.57839503434,473,1,111.976,
513,2015-01-08T02:50:30Z,-33.44128333,147.97761667,494.00,455.57839503434,455.57839503434,474,1,111.939,
514,2015-01-08T02:50:34Z,-33.44166667,147.97700000,486.00,459.57839503434,459.57839503434,475,1,111.908,
515,2015-01-08T02:50:38Z,-33.44200000,147.97633333,479.00,463.57839503434,463.57839503434,476,1,111.884,
516,2015-01-08T02:50:42Z,-33.44238333,147.97566667,478.00,467.57839503434,467.57839503434,477,1,111.855,
517,2015-01-08T02:50:46Z,-33.44280000,147.97516667,477.00,471.57839503434,471.57839503434,478,1,111.819,
518,2015-01-08T02:50:50Z,-33.44316667,147.97466667,470.00,475.57839503434,475.57839503434,479,1,111.788,
519,2015-01-08T02:50:54Z,-33.44333333,147.97416667,460.00,479.57839503434,479.57839503434,480,1,111.78,
520,2015-01-08T02:50:58Z,-33.44363333,147.97353333,444.00,483.57839503434,483.57839503434,481,1,111.759,
521,2015-01-08T02:51:02Z,-33.44405000,147.97308333,438.00,487.57839503434,487.57839503434,482,1,111.722,
522,2015-01-08T02:51:06Z,-33.44433333,147.97266667,429.00,491.57839503434,491.57839503434,483,1,111.7,
523,2015-01-08T02:51:10Z,-33.44466667,147.97208333,426.00,495.57839503434,495.57839503434,484,1,111.675,
524,2015-01-08T02:51:14Z,-33.44491667,147.97150000,424.00,499.57839503434,499.57839503434,485,1,111.659,
525,2015-01-08T02:51:18Z,-33.44516667,147.97083333,424.00,503.57839503434,503.57839503434,486,1,111.645,
526,2015-01-08T02:51:22Z,-33.44555000,147.97028333,421.00,507.57839503434,507.57839503434,487,1,111.614,
527,2015-01-08T02:51:26Z,-33.44586667,147.96975000,414.00,511.57839503434,511.57839503434,488,1,111.59,
528,2015-01-08T02:51:30Z,-33.44616667,147.96916667,409.00,515.57839503434,515.57839503434,489,1,111.569,
529,2015-01-08T02:51:34Z,-33.44650000,147.96866667,408.00,519.57839503434,519.57839503434,490,1,111.543,
530,2015-01-08T02:51:38Z,-33.44675000,147.96821667,403.00,523.57839503434,523.57839503434,491,1,111.525,
531,2015-01-08T02:51:42Z,-33.44683333,147.96775000,393.00,527.57839503434,527.57839503434,492,1,111.526,
532,2015-01-08T02:51:46Z,-33.44703333,147.96716667,389.00,531.57839503434,531.57839503434,493,1,111.516,
533,2015-01-08T02:51:50Z,-33.44755000,147.96670000,385.00,535.57839503434,535.57839503434,494,1,111.469,
534,2015-01-08T02:51:54Z,-33.44800000,147.96621667,385.00,539.57839503434,539.57839503434,495,1,111.43,
535,2015-01-08T02:51:58Z,-33.44846667,147.96575000,386.00,543.57839503434,543.57839503434,496,1,111.39,
536,2015-01-08T02:52:02Z,-33.44900000,147.96533333,380.00,547.57839503434,547.57839503434,497,1,111.34,
537,2015-01-08T02:52:06Z,-33.44953333,147.96500000,382.00,551.57839503434,551.57839503434,498,1,111.29,
538,2015-01-08T02:52:10Z,-33.45016667,147.96491667,382.00,555.57839503434,555.57839503434,499,1,111.223,
539,2015-01-08T02:52:14Z,-33.45058333,147.96558333,379.00,559.57839503434,559.57839503434,500,1,111.164,
540,2015-01-08T02:52:18Z,-33.45066667,147.96636667,380.00,563.57839503434,563.57839503434,501,1,111.138,
541,2015-01-08T02:52:22Z,-33.45061667,147.96716667,365.00,567.57839503434,567.57839503434,502,1,111.127,
542,2015-01-08T02:52:26Z,-33.45028333,147.96761667,359.00,571.57839503434,571.57839503434,503,1,111.154,
543,2015-01-08T02:52:30Z,-33.44983333,147.96758333,353.00,575.57839503434,575.57839503434,504,1,111.204,
544,2015-01-08T02:52:34Z,-33.44941667,147.96741667,345.00,579.57839503434,579.57839503434,505,1,111.252,
545,2015-01-08T02:52:38Z,-33.44903333,147.96711667,341.00,583.57839503434,583.57839503434,506,1,111.3,
546,2015-01-08T02:52:42Z,-33.44866667,147.96683333,336.00,587.57839503434,587.57839503434,507,1,111.345,
547,2015-01-08T02:52:46Z,-33.44816667,147.96678333,336.00,591.57839503434,591.57839503434,508,1,111.401,
548,2015-01-08T02:52:50Z,-33.44775000,147.96683333,333.00,595.57839503434,595.57839503434,509,1,111.445,
549,2015-01-08T02:52:54Z,-33.44721667,147.96696667,323.00,599.57839503434,599.57839503434,510,1,111.5,
550,2015-01-08T02:52:58Z,-33.44680000,147.96696667,324.00,603.57839503434,603.57839503434,511,1,111.545,
551,2015-01-08T02:53:02Z,-33.44638333,147.96678333,317.00,607.57839503434,607.57839503434,512,1,111.594,
552,2015-01-08T02:53:06Z,-33.44600000,147.96650000,317.00,611.57839503434,611.57839503434,513,1,111.641,
553,2015-01-08T02:53:10Z,-33.44570000,147.96625000,316.00,615.57839503434,615.57839503434,514,1,111.679,
554,2015-01-08T02:53:14Z,-33.44555000,147.96580000,309.00,619.57839503434,619.57839503434,515,1,111.705,
555,2015-01-08T02:53:18Z,-33.44558333,147.96516667,310.00,623.57839503434,623.57839503434,516,1,111.714,
556,2015-01-08T02:53:22Z,-33.44586667,147.96458333,309.00,627.57839503434,627.57839503434,517,1,111.696,
557,2015-01-08T02:53:26Z,-33.44633333,147.96413333,311.00,631.57839503434,631.57839503434,518,1,111.654,
558,2015-01-08T02:53:30Z,-33.44695000,147.96353333,300.00,635.57839503434,635.57839503434,1,2,111.6,
559,2015-01-08T02:53:34Z,-33.44766667,147.96375000,289.00,639.57839503434,639.57839503434,2,2,111.518,
560,2015-01-08T02:53:38Z,-33.44786667,147.96458333,275.00,643.57839503434,643.57839503434,3,2,111.479,
561,2015-01-08T02:53:42Z,-33.44766667,147.96550000,274.00,647.57839503434,647.57839503434,4,2,111.481,
562,2015-01-08T02:53:46Z,-33.44745000,147.96628333,273.00,651.57839503434,651.57839503434,5,2,111.489,
563,2015-01-08T02:53:50Z,-33.44703333,147.96700000,258.00,655.57839503434,655.57839503434,6,2,111.519,
564,2015-01-08T02:53:54Z,-33.44646667,147.96725000,251.00,659.57839503434,659.57839503434,7,2,111.575,
565,2015-01-08T02:53:58Z,-33.44596667,147.96725000,242.00,663.57839503434,663.57839503434,8,2,111.63,
566,2015-01-08T02:54:02Z,-33.44558333,147.96711667,239.00,667.57839503434,667.57839503434,9,2,111.674,
567,2015-01-08T02:54:06Z,-33.44536667,147.96703333,239.00,671.57839503434,671.57839503434,10,2,111.699,
568,2015-01-08T02:54:10Z,-33.44533333,147.96688333,239.00,675.57839503434,675.57839503434,11,2,111.706,
569,2015-01-08T02:54:14Z,-33.44533333,147.96683333,239.00,679.57839503434,679.57839503434,12,2,111.707,
570,2015-01-08T02:54:18Z,-33.44536667,147.96678333,239.00,683.57839503434,683.57839503434,13,2,111.704,
571,2015-01-08T02:54:22Z,-33.44536667,147.96678333,239.00,687.57839503434,687.57839503434,14,2,111.704,
572,2015-01-08T02:54:26Z,-33.44536667,147.96678333,239.00,691.57839503434,691.57839503434,15,2,111.704,
573,2015-01-08T02:54:30Z,-33.44536667,147.96678333,238.00,695.57839503434,695.57839503434,16,2,111.704,
574,2015-01-08T02:54:34Z,-33.44536667,147.96678333,238.00,699.57839503434,699.57839503434,17,2,111.704,
575,2015-01-08T02:54:38Z,-33.44536667,147.96678333,239.00,703.57839503434,703.57839503434,18,2,111.704,
576,2015-01-08T02:54:42Z,-33.44536667,147.96678333,238.00,707.57839503434,707.57839503434,19,2,111.704,
577,2015-01-08T02:54:46Z,-33.44536667,147.96678333,238.00,711.57839503434,711.57839503434,20,2,111.704,
578,2015-01-08T02:54:50Z,-33.44536667,147.96678333,238.00,715.57839503434,715.57839503434,21,2,111.704,
579,2015-01-08T02:54:54Z,-33.44536667,147.96678333,240.00,719.57839503434,719.57839503434,22,2,111.704,
580,2015-01-08T02:54:58Z,-33.44536667,147.96678333,240.00,723.57839503434,723.57839503434,23,2,111.704,
581,2015-01-08T02:55:02Z,-33.44536667,147.96678333,240.00,727.57839503434,727.57839503434,24,2,111.704,
582,2015-01-08T02:55:06Z,-33.44536667,147.96678333,239.00,731.57839503434,731.57839503434,25,2,111.704,
583,2015-01-08T02:55:10Z,-33.44536667,147.96678333,238.00,735.57839503434,735.57839503434,26,2,111.704,
584,2015-01-08T02:55:14Z,-33.44536667,147.96678333,238.00,739.57839503434,739.57839503434,27,2,111.704,
585,2015-01-08T02:55:18Z,-33.44536667,147.96678333,238.00,743.57839503434,743.57839503434,28,2,111.704,
586,2015-01-08T02:55:22Z,-33.44536667,147.96678333,238.00,747.57839503434,747.57839503434,29,2,111.704,
587,2015-01-08T02:55:26Z,-33.44536667,147.96678333,238.00,751.57839503434,751.57839503434,30,2,111.704,
588,2015-01-08T02:55:30Z,-33.44536667,147.96678333,238.00,755.57839503434,755.57839503434,31,2,111.704,
589,2015-01-08T02:55:34Z,-33.44536667,147.96678333,239.00,759.57839503434,759.57839503434,32,2,111.704,
590,2015-01-08T02:55:38Z,-33.44536667,147.96678333,239.00,763.57839503434,763.57839503434,33,2,111.704,
591,2015-01-08T02:55:42Z,-33.44536667,147.96678333,237.00,767.57839503434,767.57839503434,34,2,111.704,
592,2015-01-08T02:55:46Z,-33.44536667,147.96678333,237.00,771.57839503434,771.57839503434,35,2,111.704,
593,2015-01-08T02:55:50Z,-33.44536667,147.96678333,239.00,775.57839503434,775.57839503434,36,2,111.704,
594,2015-01-08T02:55:54Z,-33.44536667,147.96678333,239.00,779.57839503434,779.57839503434,37,2,111.704,
595,2015-01-08T02:55:58Z,-33.44536667,147.96678333,240.00,783.57839503434,783.57839503434,38,2,111.704,
596,2015-01-08T02:56:02Z,-33.44536667,147.96678333,240.00,787.57839503434,787.57839503434,39,2,111.704,
597,2015-01-08T02:56:06Z,-33.44536667,147.96678333,239.00,791.57839503434,791.57839503434,40,2,111.704,
598,2015-01-08T02:56:10Z,-33.44536667,147.96678333,239.00,795.57839503434,795.57839503434,41,2,111.704,
599,2015-01-08T02:56:14Z,-33.44536667,147.96678333,240.00,799.57839503434,799.57839503434,42,2,111.704,
600,2015-01-08T02:56:18Z,-33.44536667,147.96678333,240.00,803.57839503434,803.57839503434,43,2,111.704,
601,2015-01-08T02:56:22Z,-33.44536667,147.96678333,240.00,807.57839503434,807.57839503434,44,2,111.704,
602,2015-01-08T02:56:26Z,-33.44536667,147.96678333,240.00,811.57839503434,811.57839503434,45,2,111.704,
